-- phpMyAdmin SQL Dump
-- version 4.2.10
-- http://www.phpmyadmin.net
--
-- Host: localhost
-- Generation Time: Mar 15, 2019 at 01:10 PM
-- Server version: 5.5.58-0+deb7u1-log
-- PHP Version: 5.6.31-1~dotdeb+7.1

SET SQL_MODE = "NO_AUTO_VALUE_ON_ZERO";
SET time_zone = "+00:00";


/*!40101 SET @OLD_CHARACTER_SET_CLIENT=@@CHARACTER_SET_CLIENT */;
/*!40101 SET @OLD_CHARACTER_SET_RESULTS=@@CHARACTER_SET_RESULTS */;
/*!40101 SET @OLD_COLLATION_CONNECTION=@@COLLATION_CONNECTION */;
/*!40101 SET NAMES utf8 */;

--
-- Database: `unn_w16030457`
--

-- --------------------------------------------------------

--
-- Table structure for table `timesheets_activity`
--

CREATE TABLE IF NOT EXISTS `timesheets_activity` (
`activity_id` int(11) NOT NULL,
  `type` varchar(50) COLLATE utf8_bin NOT NULL
) ENGINE=InnoDB AUTO_INCREMENT=6 DEFAULT CHARSET=utf8 COLLATE=utf8_bin;

--
-- Dumping data for table `timesheets_activity`
--

INSERT INTO `timesheets_activity` (`activity_id`, `type`) VALUES
(5, 'Absent'),
(3, 'Holiday'),
(1, 'Normal'),
(4, 'Overtime'),
(2, 'Sick');

-- --------------------------------------------------------

--
-- Table structure for table `timesheets_contact`
--

CREATE TABLE IF NOT EXISTS `timesheets_contact` (
`contact_id` int(11) NOT NULL,
  `contact_name` text NOT NULL,
  `contact_email` text NOT NULL,
  `contact_number` varchar(11) NOT NULL,
  `contact_message` text NOT NULL
) ENGINE=InnoDB AUTO_INCREMENT=5 DEFAULT CHARSET=utf8;

--
-- Dumping data for table `timesheets_contact`
--

INSERT INTO `timesheets_contact` (`contact_id`, `contact_name`, `contact_email`, `contact_number`, `contact_message`) VALUES
(4, 'Some Guy', 'someguy@email.com', '07745678945', 'Contrary to popular belief, Lorem Ipsum is not simply random text. It has roots in a piece of classical Latin literature from 45 BC, making it over 2000 years old. Richard McClintock, a Latin professor at Hampden-Sydney College in Virginia, looked up one of the more obscure Latin words, consectetur, from a Lorem Ipsum passage, and going through the cites of the word in classical literature, discovered the undoubtable source. Lorem Ipsum comes from sections 1.10.32 and 1.10.33 of "de Finibus Bonorum et Malorum" (The Extremes of Good and Evil) by Cicero, written in 45 BC. This book is a treatise on the theory of ethics, very popular during the Renaissance. The first line of Lorem Ipsum, "Lorem ipsum dolor sit amet..", comes from a line in section 1.10.32.The standard chunk of Lorem Ipsum used since the 1500s is reproduced below for those interested. Sections 1.10.32 and 1.10.33 from "de Finibus Bonorum et Malorum" by Cicero are also reproduced in their exact original form, accompanied by English versions from the 1914 translation by H. Rackham.');

-- --------------------------------------------------------

--
-- Table structure for table `timesheets_department`
--

CREATE TABLE IF NOT EXISTS `timesheets_department` (
`department_id` int(11) NOT NULL,
  `name` varchar(50) COLLATE utf8_bin NOT NULL
) ENGINE=InnoDB AUTO_INCREMENT=6 DEFAULT CHARSET=utf8 COLLATE=utf8_bin;

--
-- Dumping data for table `timesheets_department`
--

INSERT INTO `timesheets_department` (`department_id`, `name`) VALUES
(1, 'Finance'),
(2, 'Human Resource'),
(5, 'IT Services'),
(4, 'Research & Development'),
(3, 'Sales & Marketing');

-- --------------------------------------------------------

--
-- Table structure for table `timesheets_job`
--

CREATE TABLE IF NOT EXISTS `timesheets_job` (
`job_id` int(11) NOT NULL,
  `department_id` int(11) NOT NULL,
  `title` varchar(50) COLLATE utf8_bin NOT NULL
) ENGINE=InnoDB AUTO_INCREMENT=18 DEFAULT CHARSET=utf8 COLLATE=utf8_bin;

--
-- Dumping data for table `timesheets_job`
--

INSERT INTO `timesheets_job` (`job_id`, `department_id`, `title`) VALUES
(1, 4, 'Software Engineer'),
(2, 4, 'Senior Software Engineer'),
(3, 4, 'Apprentice Software Engineer'),
(5, 4, 'Software Architect'),
(6, 4, 'UX Designer'),
(7, 1, 'Accountant'),
(8, 1, 'Financial Analyst'),
(9, 1, 'Assistant Accountant'),
(10, 2, 'HR Administrator'),
(11, 2, 'HR Advisor'),
(12, 3, 'Sales Consutant '),
(13, 3, 'Bid Co-ordinator'),
(14, 3, 'Sales Advisor'),
(15, 5, 'IT Support First Line '),
(16, 5, 'IT Support Second Line'),
(17, 5, 'IT Support Technician');

-- --------------------------------------------------------

--
-- Table structure for table `timesheets_person`
--

CREATE TABLE IF NOT EXISTS `timesheets_person` (
`person_id` int(11) NOT NULL,
  `user_id` int(11) NOT NULL,
  `job_id` int(11) NOT NULL,
  `team_id` int(11) NOT NULL,
  `department_id` int(11) NOT NULL,
  `contracted_hours` float NOT NULL,
  `title` varchar(4) COLLATE utf8_bin NOT NULL,
  `forename` varchar(50) COLLATE utf8_bin NOT NULL,
  `surname` varchar(50) COLLATE utf8_bin NOT NULL,
  `phone_number` int(15) NOT NULL,
  `email` varchar(100) COLLATE utf8_bin NOT NULL,
  `address_line_1` varchar(50) COLLATE utf8_bin NOT NULL,
  `address_line_2` varchar(50) COLLATE utf8_bin NOT NULL,
  `address_line_3` varchar(50) COLLATE utf8_bin NOT NULL,
  `address_line_4` varchar(50) COLLATE utf8_bin NOT NULL,
  `address_line_5` varchar(50) COLLATE utf8_bin NOT NULL,
  `post_code` varchar(8) COLLATE utf8_bin NOT NULL,
  `date_of_birth` date NOT NULL
) ENGINE=InnoDB AUTO_INCREMENT=36 DEFAULT CHARSET=utf8 COLLATE=utf8_bin;

--
-- Dumping data for table `timesheets_person`
--

INSERT INTO `timesheets_person` (`person_id`, `user_id`, `job_id`, `team_id`, `department_id`, `contracted_hours`, `title`, `forename`, `surname`, `phone_number`, `email`, `address_line_1`, `address_line_2`, `address_line_3`, `address_line_4`, `address_line_5`, `post_code`, `date_of_birth`) VALUES
(1, 1, 6, 5, 4, 37.5, 'Dr', 'Mara', 'Jerrom', 533, 'mjerrom0@printfriendly.com', '51', 'The Green', 'WESTERN CENTRAL LONDON', '', '', 'WC85 9TH', '1964-08-17'),
(2, 2, 2, 6, 4, 40, 'Rev', 'Abner', 'Souley', 307, 'asouley1@g.co', '88', 'Chester Road', 'KILMARNOCK', '', '', 'KA2 7CH', '1957-03-05'),
(3, 3, 4, 6, 4, 37.5, 'Ms', 'Sibella', 'Apfel', 584, 'sapfel2@histats.com', '619', 'London Road', 'SOUTHEND-ON-SEA ', '', '', 'SS45 9MN', '1994-08-11'),
(4, 4, 1, 5, 4, 40, 'Ms', 'Tyson', 'de Cullip', 362, 'tdecullip3@51.la', '861', 'North Road', 'CARDIFF', '', '', 'CF39 1PQ', '1962-08-17'),
(5, 5, 5, 7, 4, 37.5, 'Mr', 'Mae', 'Pikett', 729, 'mpikett4@youtube.com', '987', 'North Street', 'ILFORD', '', '', 'IG86 0BY', '1955-03-26'),
(6, 6, 2, 6, 4, 35, 'Ms', 'Katuscha', 'Kment', 214, 'kkment5@tumblr.com', '8601', 'The Grove', 'WARRINGTON', '', '', 'WA42 0PK', '1981-10-05'),
(7, 7, 2, 5, 4, 35, 'Ms', 'Valaria', 'Biasini', 985, 'vbiasini6@google.co.jp', '720', 'Windsor Road', 'EAST CENTRAL LONDON', '', '', 'EC52 2LZ', '1975-09-24'),
(8, 8, 3, 7, 4, 35, 'Mrs', 'Kathie', 'Silman', 124, 'ksilman7@census.gov', '26', 'George Street', 'SHEFFIELD', '', '', 'S34 0SO', '1975-12-28'),
(9, 9, 3, 7, 4, 40, 'Mr', 'Briant', 'Conneau', 661, 'bconneau8@altervista.org', '933', 'Manchester Road', 'WAKEFIELD', '', '', 'WF90 4IK', '1975-02-03'),
(10, 10, 3, 7, 4, 35, 'Dr', 'Madelina', 'Loomis', 263, 'mloomis9@furl.net', '517', 'Station Road', 'ROCHESTER', '', '', 'ME67 3TN', '1962-10-01'),
(11, 11, 5, 6, 4, 40, 'Mrs', 'Clemmy', 'Kurtis', 668, 'ckurtisa@disqus.com', '8665', 'Green Lane', 'DURHAM', '', '', 'DH29 9DB', '1999-07-26'),
(12, 12, 2, 5, 4, 35, 'Dr', 'Bryn', 'Sandifer', 571, 'bsandiferb@devhub.com', '7992', 'The Avenue', 'LEICESTER', '', '', 'LE28 7WX', '1981-03-18'),
(13, 13, 4, 5, 4, 35, 'Dr', 'Gracie', 'Swanson', 318, 'gswansonc@google.com.au', '77', 'St. John’s Road', 'SWANSEA', '', '', 'SA28 8EA', '1969-01-08'),
(14, 14, 2, 5, 4, 35, 'Ms', 'Wildon', 'Wickling', 595, 'wwicklingd@soup.io', '517', 'Station Road', 'ROCHESTER', '', '', 'ME67 3TN', '1993-01-14'),
(15, 15, 4, 7, 4, 40, 'Mr', 'Gardie', 'Dudney', 525, 'gdudneye@gnu.org', '7133', 'Queensway', 'LINCOLN', '', '', 'LN11 3DV', '1990-03-11'),
(16, 16, 2, 5, 4, 40, 'Mr', 'Mariana', 'Tooth', 162, 'mtoothf@unicef.org', '88', 'London Road', 'DUNDEE', '', '', 'DD87 0SE', '1984-06-29'),
(17, 17, 9, 1, 1, 35, 'Rev', 'Eulalie', 'Killick', 126, 'ekillick0@tmall.com', '8796', 'George Street', 'NEWPORT', '', '', 'NP92 0MA', '1955-07-19'),
(18, 18, 8, 1, 1, 37.5, 'Mr', 'Elysha', 'Ricarde', 593, 'ericarde1@accuweather.com', '7557', 'St. John’s Road', 'BRISTOL', '', '', 'BS95 3QV', '1999-12-25'),
(19, 19, 9, 1, 1, 35, 'Mr', 'Frederik', 'Gehrts', 682, 'fgehrts2@bing.com', '9602', 'Alexander Road', 'KILMARNOCK', '', '', 'KA69 6EX', '1983-12-22'),
(20, 20, 7, 1, 1, 35, 'Dr', 'Cecil', 'Rounsefull', 467, 'crounsefull3@hexun.com', '2', 'Manchester Road', 'SOUTHEND-ON-SEA', '', '', 'SS94 4QG', '1994-09-06'),
(21, 21, 7, 1, 1, 35, 'Mr', 'Beitris', 'Olpin', 458, 'bolpin4@cdc.gov', '82', 'West Street', 'CROYDON', '', '', 'CR57 7YB', '1988-02-02'),
(22, 22, 11, 2, 2, 37.5, 'Ms', 'Staci', 'Clapton', 762, 'sclapton0@hexun.com', '743', 'Highfield Road', 'WATFORD', '', '', 'WD72 2TL', '1963-01-30'),
(23, 23, 10, 2, 2, 35, 'Ms', 'Gerek', 'Posselt', 201, 'gposselt1@com.com', '8549', 'West Street', 'OXFORD', '', '', 'OX98 1NX', '1997-03-13'),
(24, 24, 11, 2, 2, 37.5, 'Ms', 'Gardy', 'Bowmer', 894, 'gbowmer2@facebook.com', '6', 'Main Street', 'HEMEL HEMPSTEAD', '', '', 'HP79 8EJ', '1955-06-24'),
(25, 25, 13, 3, 3, 37.5, 'Mr', 'Shara', 'Pechan', 412, 'spechan0@nydailynews.com', '8145', 'Park Road', 'PLYMOUTH', '', '', 'PL60 6YA', '1962-02-22'),
(26, 26, 12, 4, 3, 37.5, 'Mrs', 'Frants', 'Fleeman', 934, 'ffleeman1@java.com', '694', 'Windsor Road', 'CLEVELAND', '', '', 'TS21 0CQ', '1961-07-26'),
(27, 27, 12, 4, 3, 35, 'Mrs', 'Sanson', 'Kemmons', 127, 'skemmons2@imdb.com', '409', 'Victoria Road', 'SLOUGH', '', '', 'SL91 9GU', '1960-12-08'),
(28, 28, 13, 4, 3, 35, 'Ms', 'Zedekiah', 'Drage', 259, 'zdrage3@moonfruit.com', '8934', 'St. John’s Road', 'CAMBRIDGE', '', '', 'CB56 1MO', '1974-12-22'),
(29, 29, 12, 4, 3, 35, 'Ms', 'August', 'Comello', 783, 'acomello4@sina.com.cn', '52', 'Park Avenue', 'ROCHESTER', '', '', 'ME24 8QO', '1972-03-11'),
(30, 30, 14, 3, 3, 37.5, 'Mr', 'Conny', 'Leneham', 823, 'cleneham5@pbs.org', '239', 'Church Road', 'SALISBURY', '', '', 'SP72 4BK', '1997-01-20'),
(31, 31, 15, 8, 5, 40, 'Mr', 'Guy', 'Giddons', 872, 'ggiddons0@feedburner.com', '637', 'Chester Road', 'NORWICH', '', '', 'NR84 2OV', '1994-05-03'),
(32, 32, 15, 8, 5, 40, 'Mr', 'Whitman', 'Grindlay', 131, 'wgrindlay1@ehow.com', '39', 'Queensway', 'ILFORD', '', '', 'IG30 4UO', '1966-02-07'),
(33, 33, 17, 8, 5, 35, 'Dr', 'Nani', 'Trustie', 567, 'ntrustie2@alexa.com', '8428', 'The Drive', 'CHELMSFORD', '', '', 'CM51 0JE', '1977-09-11'),
(34, 34, 15, 8, 5, 35, 'Ms', 'Mordy', 'Backshell', 656, 'mbackshell3@phoca.cz', '681', 'Kingsway', 'BRADFORD', '', '', 'BD48 2MZ', '1997-12-23'),
(35, 35, 16, 8, 5, 37.5, 'Mr', 'Geoff', 'Greenroad', 152, 'ggreenroad4@icq.com', '819', 'Manchester Road', 'SOUTHAMPTON', '', '', 'SO42 0IF', '1969-01-23');

-- --------------------------------------------------------

--
-- Table structure for table `timesheets_project`
--

CREATE TABLE IF NOT EXISTS `timesheets_project` (
`project_id` int(11) NOT NULL,
  `name` varchar(50) COLLATE utf8_bin NOT NULL
) ENGINE=InnoDB AUTO_INCREMENT=11 DEFAULT CHARSET=utf8 COLLATE=utf8_bin;

--
-- Dumping data for table `timesheets_project`
--

INSERT INTO `timesheets_project` (`project_id`, `name`) VALUES
(2, 'Biodex'),
(5, 'Cookley'),
(1, 'Kanlam'),
(3, 'Sonsing'),
(4, 'Vagram');

-- --------------------------------------------------------

--
-- Table structure for table `timesheets_role`
--

CREATE TABLE IF NOT EXISTS `timesheets_role` (
`role_id` int(11) NOT NULL,
  `role_type` varchar(50) COLLATE utf8_bin NOT NULL
) ENGINE=InnoDB AUTO_INCREMENT=3 DEFAULT CHARSET=utf8 COLLATE=utf8_bin;

--
-- Dumping data for table `timesheets_role`
--

INSERT INTO `timesheets_role` (`role_id`, `role_type`) VALUES
(1, 'admin'),
(2, 'user');

-- --------------------------------------------------------

--
-- Table structure for table `timesheets_team`
--

CREATE TABLE IF NOT EXISTS `timesheets_team` (
`team_id` int(11) NOT NULL,
  `department_id` int(11) NOT NULL,
  `name` varchar(50) COLLATE utf8_bin NOT NULL
) ENGINE=InnoDB AUTO_INCREMENT=9 DEFAULT CHARSET=utf8 COLLATE=utf8_bin;

--
-- Dumping data for table `timesheets_team`
--

INSERT INTO `timesheets_team` (`team_id`, `department_id`, `name`) VALUES
(1, 1, 'Accounts'),
(2, 2, 'Human Resources'),
(3, 3, 'New Customers'),
(4, 3, 'Customer Retention'),
(5, 4, 'Moblie'),
(6, 4, 'New Technologies'),
(7, 4, 'Legacy '),
(8, 5, 'IT Services');

-- --------------------------------------------------------

--
-- Table structure for table `timesheets_timesheet`
--

CREATE TABLE IF NOT EXISTS `timesheets_timesheet` (
`timesheet_id` int(11) NOT NULL,
  `user_id` int(11) NOT NULL,
  `project_id` int(11) NOT NULL,
  `activity_id` int(11) NOT NULL,
  `time_in` time NOT NULL,
  `time_out` time NOT NULL,
  `date` date NOT NULL,
  `note` varchar(250) COLLATE utf8_bin NOT NULL
) ENGINE=InnoDB AUTO_INCREMENT=1471 DEFAULT CHARSET=utf8 COLLATE=utf8_bin;

--
-- Dumping data for table `timesheets_timesheet`
--

INSERT INTO `timesheets_timesheet` (`timesheet_id`, `user_id`, `project_id`, `activity_id`, `time_in`, `time_out`, `date`, `note`) VALUES
(1, 1, 5, 1, '08:50:41', '12:19:42', '2019-03-01', 'a odio in hac habitasse platea dictumst maecenas'),
(2, 2, 5, 1, '07:36:58', '12:29:37', '2019-03-01', 'amet lobortis sapien sapien non'),
(3, 3, 5, 1, '07:04:23', '12:09:33', '2019-03-01', 'sapien urna pretium nisl ut'),
(4, 4, 3, 1, '08:53:31', '12:00:48', '2019-03-01', 'et ultrices posuere cubilia curae mauris viverra diam vitae'),
(5, 5, 2, 1, '08:25:47', '12:21:04', '2019-03-01', 'tempus semper est quam pharetra magna ac consequat metus sapien'),
(6, 6, 3, 1, '07:46:00', '12:05:24', '2019-03-01', 'quisque ut erat curabitur gravida nisi at nibh in hac'),
(7, 7, 4, 1, '07:46:07', '12:21:49', '2019-03-01', 'tortor duis mattis egestas metus aenean fermentum donec ut'),
(8, 8, 3, 1, '07:58:08', '12:11:54', '2019-03-01', 'leo maecenas pulvinar lobortis est phasellus'),
(9, 9, 1, 1, '09:14:01', '12:11:22', '2019-03-01', 'quis lectus suspendisse potenti in eleifend quam a odio'),
(10, 10, 5, 2, '07:02:16', '12:28:32', '2019-03-01', 'congue vivamus metus arcu adipiscing molestie hendrerit at'),
(11, 11, 2, 1, '08:05:38', '12:05:01', '2019-03-01', 'sem fusce consequat nulla nisl nunc nisl duis bibendum'),
(12, 12, 5, 5, '07:42:21', '12:20:40', '2019-03-01', 'et ultrices posuere cubilia curae mauris viverra diam vitae'),
(13, 13, 1, 1, '07:20:48', '12:11:30', '2019-03-01', 'non mauris morbi non lectus aliquam sit'),
(14, 14, 3, 1, '09:25:46', '12:23:59', '2019-03-01', 'cursus id turpis integer aliquet massa'),
(15, 15, 5, 1, '07:39:37', '12:12:59', '2019-03-01', 'vestibulum ac est lacinia nisi venenatis tristique'),
(16, 16, 3, 1, '07:27:30', '12:05:23', '2019-03-01', 'ligula pellentesque ultrices phasellus id sapien in sapien'),
(17, 17, 4, 1, '08:48:35', '12:19:31', '2019-03-01', 'potenti cras in purus eu magna vulputate luctus cum sociis'),
(18, 18, 1, 1, '08:25:24', '12:15:31', '2019-03-01', 'non velit nec nisi vulputate nonummy'),
(19, 19, 4, 3, '09:21:35', '12:00:44', '2019-03-01', 'cras pellentesque volutpat dui maecenas tristique est et tempus semper'),
(20, 20, 2, 1, '08:01:45', '12:23:37', '2019-03-01', 'lobortis convallis tortor risus dapibus augue vel accumsan tellus nisi'),
(21, 21, 2, 1, '09:05:21', '12:17:19', '2019-03-01', 'sapien arcu sed augue aliquam'),
(22, 22, 4, 3, '09:00:04', '12:25:18', '2019-03-01', 'at vulputate vitae nisl aenean lectus pellentesque eget nunc'),
(23, 23, 4, 1, '07:19:36', '12:27:34', '2019-03-01', 'rutrum rutrum neque aenean auctor gravida sem'),
(24, 24, 1, 1, '07:32:25', '12:07:37', '2019-03-01', 'quis justo maecenas rhoncus aliquam lacus morbi quis'),
(25, 25, 1, 1, '07:02:58', '12:28:11', '2019-03-01', 'sit amet nunc viverra dapibus'),
(26, 26, 2, 1, '07:08:46', '12:29:03', '2019-03-01', 'pede ullamcorper augue a suscipit nulla'),
(27, 27, 4, 1, '08:19:01', '12:14:51', '2019-03-01', 'vel nisl duis ac nibh fusce lacus'),
(28, 28, 5, 1, '09:23:46', '12:25:53', '2019-03-01', 'vitae quam suspendisse potenti nullam porttitor lacus at turpis donec'),
(29, 29, 4, 5, '07:53:16', '12:27:37', '2019-03-01', 'molestie sed justo pellentesque viverra pede'),
(30, 30, 3, 1, '07:09:14', '12:18:25', '2019-03-01', 'facilisi cras non velit nec nisi vulputate'),
(31, 31, 4, 1, '08:25:56', '12:17:33', '2019-03-01', 'suspendisse ornare consequat lectus in'),
(32, 32, 1, 1, '08:34:10', '12:11:14', '2019-03-01', 'nulla facilisi cras non velit nec nisi'),
(33, 33, 4, 1, '08:07:20', '12:16:17', '2019-03-01', 'ut mauris eget massa tempor convallis nulla neque libero'),
(34, 34, 1, 1, '08:05:42', '12:07:13', '2019-03-01', 'mi in porttitor pede justo eu massa donec dapibus'),
(35, 35, 4, 1, '08:58:53', '12:10:43', '2019-03-01', 'vehicula condimentum curabitur in libero ut massa volutpat convallis'),
(36, 1, 2, 1, '12:55:00', '16:33:00', '2019-03-01', 'orci luctus et ultrices posuere cubilia curae nulla dapibus dolor'),
(37, 2, 1, 1, '13:07:00', '17:02:00', '2019-03-01', 'non pretium quis lectus suspendisse potenti'),
(38, 3, 4, 1, '12:55:00', '15:47:00', '2019-03-01', 'amet sapien dignissim vestibulum vestibulum ante'),
(39, 4, 2, 4, '13:10:00', '17:28:00', '2019-03-01', 'lectus vestibulum quam sapien varius ut blandit non interdum in'),
(40, 5, 5, 1, '13:00:00', '17:05:00', '2019-03-01', 'adipiscing elit proin risus praesent lectus vestibulum'),
(41, 6, 4, 1, '13:05:00', '15:30:00', '2019-03-01', 'viverra pede ac diam cras pellentesque'),
(42, 7, 5, 1, '13:08:00', '17:20:00', '2019-03-01', 'amet consectetuer adipiscing elit proin risus praesent lectus vestibulum quam'),
(43, 8, 1, 1, '13:14:00', '17:23:00', '2019-03-01', 'consequat dui nec nisi volutpat eleifend donec ut'),
(44, 9, 3, 2, '13:27:00', '16:09:00', '2019-03-01', 'praesent blandit nam nulla integer pede justo lacinia eget'),
(45, 10, 5, 1, '13:29:00', '15:35:00', '2019-03-01', 'dapibus dolor vel est donec odio justo sollicitudin ut'),
(46, 11, 3, 1, '13:06:00', '15:32:00', '2019-03-01', 'nisi eu orci mauris lacinia sapien quis libero'),
(47, 12, 2, 1, '13:07:00', '16:15:00', '2019-03-01', 'euismod scelerisque quam turpis adipiscing'),
(48, 13, 3, 1, '13:20:00', '16:22:00', '2019-03-01', 'velit id pretium iaculis diam erat'),
(49, 14, 5, 1, '13:08:00', '16:47:00', '2019-03-01', 'aliquam augue quam sollicitudin vitae consectetuer eget rutrum'),
(50, 15, 1, 1, '13:25:00', '16:11:00', '2019-03-01', 'non mattis pulvinar nulla pede ullamcorper augue a'),
(51, 16, 4, 1, '12:41:00', '16:42:00', '2019-03-01', 'pellentesque quisque porta volutpat erat quisque'),
(52, 17, 2, 4, '12:48:00', '16:40:00', '2019-03-01', 'condimentum neque sapien placerat ante nulla justo aliquam'),
(53, 18, 5, 1, '12:34:00', '16:05:00', '2019-03-01', 'quisque erat eros viverra eget congue eget semper rutrum'),
(54, 19, 3, 1, '12:35:00', '17:06:00', '2019-03-01', 'vivamus tortor duis mattis egestas metus aenean'),
(55, 20, 2, 5, '12:38:00', '15:45:00', '2019-03-01', 'platea dictumst aliquam augue quam'),
(56, 21, 5, 1, '12:34:00', '15:53:00', '2019-03-01', 'penatibus et magnis dis parturient montes nascetur ridiculus mus'),
(57, 22, 5, 1, '12:30:00', '17:22:00', '2019-03-01', 'orci luctus et ultrices posuere cubilia curae'),
(58, 23, 1, 1, '13:02:00', '17:30:00', '2019-03-01', 'quam pede lobortis ligula sit amet eleifend pede libero'),
(59, 24, 1, 1, '13:22:00', '15:39:00', '2019-03-01', 'donec semper sapien a libero nam dui proin leo'),
(60, 25, 1, 1, '13:24:00', '17:28:00', '2019-03-01', 'viverra dapibus nulla suscipit ligula in lacus curabitur at ipsum'),
(61, 26, 2, 1, '13:16:00', '15:42:00', '2019-03-01', 'erat curabitur gravida nisi at'),
(62, 27, 5, 1, '12:35:00', '16:07:00', '2019-03-01', 'eu est congue elementum in hac habitasse platea dictumst morbi'),
(63, 28, 2, 1, '12:40:00', '16:29:00', '2019-03-01', 'parturient montes nascetur ridiculus mus vivamus vestibulum sagittis sapien cum'),
(64, 29, 3, 1, '12:35:00', '15:35:00', '2019-03-01', 'justo maecenas rhoncus aliquam lacus morbi quis'),
(65, 30, 2, 1, '12:49:00', '15:38:00', '2019-03-01', 'sed lacus morbi sem mauris laoreet ut rhoncus'),
(66, 31, 5, 1, '12:34:00', '17:18:00', '2019-03-01', 'justo morbi ut odio cras mi pede malesuada'),
(67, 32, 2, 1, '13:03:00', '15:54:00', '2019-03-01', 'et tempus semper est quam pharetra'),
(68, 33, 3, 1, '13:28:00', '15:49:00', '2019-03-01', 'augue aliquam erat volutpat in congue etiam justo'),
(69, 34, 2, 1, '13:02:00', '16:47:00', '2019-03-01', 'molestie lorem quisque ut erat'),
(70, 35, 3, 1, '12:39:00', '17:05:00', '2019-03-01', 'aliquam quis turpis eget elit sodales scelerisque mauris sit amet'),
(71, 1, 1, 1, '07:31:00', '12:16:00', '2019-03-29', 'viverra diam vitae quam suspendisse potenti nullam porttitor lacus'),
(72, 2, 2, 1, '07:46:00', '12:01:00', '2019-03-29', 'in tempus sit amet sem fusce consequat nulla'),
(73, 3, 4, 2, '08:25:00', '12:01:00', '2019-03-29', 'a pede posuere nonummy integer non'),
(74, 4, 2, 1, '07:39:00', '12:02:00', '2019-03-29', 'vestibulum velit id pretium iaculis diam erat'),
(75, 5, 4, 4, '08:56:00', '12:20:00', '2019-03-29', 'amet nulla quisque arcu libero'),
(76, 6, 5, 1, '08:54:00', '12:28:00', '2019-03-29', 'ut ultrices vel augue vestibulum'),
(77, 7, 5, 1, '09:09:00', '12:02:00', '2019-03-29', 'nulla justo aliquam quis turpis'),
(78, 8, 1, 1, '07:55:00', '12:18:00', '2019-03-29', 'nascetur ridiculus mus etiam vel'),
(79, 9, 4, 1, '07:49:00', '12:17:00', '2019-03-29', 'dui vel sem sed sagittis nam'),
(80, 10, 5, 2, '08:06:00', '12:29:00', '2019-03-29', 'eu mi nulla ac enim'),
(81, 11, 4, 1, '08:31:00', '12:21:00', '2019-03-29', 'pretium quis lectus suspendisse potenti in eleifend quam a'),
(82, 12, 4, 1, '07:37:00', '12:29:00', '2019-03-29', 'augue vel accumsan tellus nisi eu orci mauris'),
(83, 13, 3, 1, '08:22:00', '12:27:00', '2019-03-29', 'tempor turpis nec euismod scelerisque quam turpis'),
(84, 14, 4, 4, '09:11:00', '12:06:00', '2019-03-29', 'pharetra magna ac consequat metus sapien'),
(85, 15, 1, 1, '07:49:00', '12:00:00', '2019-03-29', 'cum sociis natoque penatibus et'),
(86, 16, 3, 1, '09:21:00', '12:19:00', '2019-03-29', 'tortor id nulla ultrices aliquet'),
(87, 17, 1, 1, '08:54:00', '12:07:00', '2019-03-29', 'pretium iaculis justo in hac habitasse platea'),
(88, 18, 2, 1, '09:07:00', '12:27:00', '2019-03-29', 'dictumst maecenas ut massa quis augue luctus tincidunt nulla'),
(89, 19, 2, 1, '07:53:00', '12:25:00', '2019-03-29', 'non velit nec nisi vulputate'),
(90, 20, 5, 1, '07:45:00', '12:12:00', '2019-03-29', 'phasellus in felis donec semper sapien'),
(91, 21, 4, 1, '09:29:00', '12:13:00', '2019-03-29', 'turpis enim blandit mi in porttitor pede justo'),
(92, 22, 3, 1, '09:09:00', '12:10:00', '2019-03-29', 'rhoncus aliquet pulvinar sed nisl nunc rhoncus dui vel sem'),
(93, 23, 5, 1, '08:23:00', '12:06:00', '2019-03-29', 'congue etiam justo etiam pretium iaculis justo'),
(94, 24, 2, 1, '09:11:00', '12:01:00', '2019-03-29', 'vitae nisl aenean lectus pellentesque eget nunc donec'),
(95, 25, 4, 1, '09:13:00', '12:24:00', '2019-03-29', 'lacus morbi sem mauris laoreet ut rhoncus aliquet pulvinar'),
(96, 26, 5, 1, '08:03:00', '12:05:00', '2019-03-29', 'bibendum imperdiet nullam orci pede venenatis non sodales'),
(97, 27, 2, 1, '08:05:00', '12:23:00', '2019-03-29', 'nulla pede ullamcorper augue a'),
(98, 28, 4, 1, '09:03:00', '12:24:00', '2019-03-29', 'eget tincidunt eget tempus vel pede morbi porttitor lorem'),
(99, 29, 2, 1, '08:50:00', '12:28:00', '2019-03-29', 'enim blandit mi in porttitor pede'),
(100, 30, 4, 1, '08:22:00', '12:13:00', '2019-03-29', 'eget eros elementum pellentesque quisque porta volutpat erat quisque erat'),
(101, 31, 5, 1, '08:24:00', '12:02:00', '2019-03-29', 'cum sociis natoque penatibus et magnis dis parturient montes nascetur'),
(102, 32, 2, 1, '09:26:00', '12:19:00', '2019-03-29', 'erat eros viverra eget congue eget'),
(103, 33, 5, 1, '08:06:00', '12:22:00', '2019-03-29', 'odio elementum eu interdum eu tincidunt in'),
(104, 34, 2, 1, '07:59:00', '12:14:00', '2019-03-29', 'nulla eget eros elementum pellentesque'),
(105, 35, 3, 1, '08:23:00', '12:13:00', '2019-03-29', 'in tempor turpis nec euismod scelerisque'),
(106, 1, 4, 1, '08:49:00', '12:29:00', '2019-03-04', 'arcu sed augue aliquam erat volutpat in congue etiam justo'),
(107, 2, 5, 3, '08:59:00', '12:16:00', '2019-03-04', 'urna pretium nisl ut volutpat sapien arcu sed'),
(108, 3, 3, 1, '09:29:00', '12:09:00', '2019-03-04', 'nulla elit ac nulla sed vel enim sit'),
(109, 4, 3, 1, '08:32:00', '12:14:00', '2019-03-04', 'velit eu est congue elementum'),
(110, 5, 3, 1, '09:01:00', '12:29:00', '2019-03-04', 'ligula vehicula consequat morbi a ipsum integer a nibh in'),
(111, 6, 4, 1, '08:32:00', '12:29:00', '2019-03-04', 'nisi eu orci mauris lacinia'),
(112, 7, 2, 1, '08:09:00', '12:16:00', '2019-03-04', 'sapien cursus vestibulum proin eu'),
(113, 8, 3, 1, '07:32:00', '12:16:00', '2019-03-04', 'vivamus vel nulla eget eros'),
(114, 9, 3, 1, '09:15:00', '12:14:00', '2019-03-04', 'duis ac nibh fusce lacus purus aliquet at feugiat non'),
(115, 10, 4, 1, '08:06:00', '12:28:00', '2019-03-04', 'gravida sem praesent id massa id nisl venenatis lacinia'),
(116, 11, 2, 1, '09:18:00', '12:02:00', '2019-03-04', 'accumsan tellus nisi eu orci mauris lacinia'),
(117, 12, 1, 1, '08:42:00', '12:04:00', '2019-03-04', 'at velit vivamus vel nulla eget eros'),
(118, 13, 2, 1, '08:23:00', '12:28:00', '2019-03-04', 'etiam faucibus cursus urna ut tellus nulla ut'),
(119, 14, 3, 1, '08:47:00', '12:21:00', '2019-03-04', 'semper porta volutpat quam pede lobortis'),
(120, 15, 1, 1, '09:29:00', '12:29:00', '2019-03-04', 'integer a nibh in quis justo maecenas rhoncus'),
(121, 16, 4, 1, '08:54:00', '12:10:00', '2019-03-04', 'nisi vulputate nonummy maecenas tincidunt'),
(122, 17, 2, 1, '08:36:00', '12:18:00', '2019-03-04', 'non mattis pulvinar nulla pede ullamcorper augue a suscipit'),
(123, 18, 3, 1, '07:47:00', '12:23:00', '2019-03-04', 'elit proin interdum mauris non ligula pellentesque ultrices phasellus'),
(124, 19, 5, 1, '09:05:00', '12:04:00', '2019-03-04', 'nulla quisque arcu libero rutrum'),
(125, 20, 1, 1, '08:54:00', '12:23:00', '2019-03-04', 'potenti in eleifend quam a odio'),
(126, 21, 3, 1, '07:37:00', '12:26:00', '2019-03-04', 'luctus rutrum nulla tellus in sagittis dui vel nisl'),
(127, 22, 3, 1, '07:33:00', '12:07:00', '2019-03-04', 'ultrices posuere cubilia curae donec pharetra magna vestibulum'),
(128, 23, 1, 1, '08:13:00', '12:02:00', '2019-03-04', 'nisi nam ultrices libero non mattis pulvinar nulla pede'),
(129, 24, 4, 1, '07:37:00', '12:13:00', '2019-03-04', 'ut dolor morbi vel lectus in quam'),
(130, 25, 1, 1, '08:06:00', '12:19:00', '2019-03-04', 'ipsum ac tellus semper interdum'),
(131, 26, 4, 1, '08:35:00', '12:16:00', '2019-03-04', 'sit amet diam in magna'),
(132, 27, 2, 1, '08:51:00', '12:22:00', '2019-03-04', 'luctus et ultrices posuere cubilia curae nulla dapibus'),
(133, 28, 5, 1, '08:13:00', '12:25:00', '2019-03-04', 'elementum nullam varius nulla facilisi cras non velit nec nisi'),
(134, 29, 1, 2, '08:12:00', '12:00:00', '2019-03-04', 'turpis integer aliquet massa id lobortis'),
(135, 30, 3, 1, '08:53:00', '12:25:00', '2019-03-04', 'posuere cubilia curae nulla dapibus dolor vel'),
(136, 31, 3, 1, '07:51:00', '12:02:00', '2019-03-04', 'nulla ultrices aliquet maecenas leo odio condimentum id luctus'),
(137, 32, 2, 1, '08:49:00', '12:26:00', '2019-03-04', 'porttitor lorem id ligula suspendisse'),
(138, 33, 3, 1, '08:43:00', '12:27:00', '2019-03-04', 'donec dapibus duis at velit eu'),
(139, 34, 3, 3, '08:33:00', '12:28:00', '2019-03-04', 'velit vivamus vel nulla eget eros elementum pellentesque quisque porta'),
(140, 35, 2, 1, '07:44:00', '12:09:00', '2019-03-04', 'lacus at turpis donec posuere metus vitae ipsum aliquam'),
(141, 1, 5, 1, '09:21:00', '12:24:00', '2019-03-05', 'adipiscing molestie hendrerit at vulputate'),
(142, 2, 1, 1, '08:28:00', '12:10:00', '2019-03-05', 'sit amet eros suspendisse accumsan tortor quis turpis'),
(143, 3, 4, 1, '09:08:00', '12:14:00', '2019-03-05', 'nisi vulputate nonummy maecenas tincidunt lacus at velit vivamus'),
(144, 4, 4, 1, '08:56:00', '12:20:00', '2019-03-05', 'lectus aliquam sit amet diam'),
(145, 5, 3, 1, '08:26:00', '12:25:00', '2019-03-05', 'nullam sit amet turpis elementum ligula vehicula consequat morbi a'),
(146, 6, 5, 3, '07:38:00', '12:04:00', '2019-03-05', 'erat curabitur gravida nisi at nibh'),
(147, 7, 3, 1, '08:30:00', '12:13:00', '2019-03-05', 'cubilia curae donec pharetra magna vestibulum aliquet ultrices erat'),
(148, 8, 3, 1, '08:14:00', '12:14:00', '2019-03-05', 'vivamus vel nulla eget eros elementum pellentesque quisque'),
(149, 9, 4, 1, '08:16:00', '12:26:00', '2019-03-05', 'in libero ut massa volutpat convallis morbi odio odio'),
(150, 10, 3, 1, '08:28:00', '12:04:00', '2019-03-05', 'ante ipsum primis in faucibus'),
(151, 11, 3, 1, '08:33:00', '12:04:00', '2019-03-05', 'felis fusce posuere felis sed lacus morbi'),
(152, 12, 2, 1, '08:17:00', '12:09:00', '2019-03-05', 'mollis molestie lorem quisque ut erat curabitur gravida'),
(153, 13, 2, 3, '09:18:00', '12:21:00', '2019-03-05', 'mi in porttitor pede justo'),
(154, 14, 3, 4, '08:24:00', '12:20:00', '2019-03-05', 'non sodales sed tincidunt eu felis fusce posuere'),
(155, 15, 1, 1, '07:38:00', '12:12:00', '2019-03-05', 'sed vel enim sit amet nunc viverra dapibus nulla'),
(156, 16, 4, 3, '07:50:00', '12:07:00', '2019-03-05', 'convallis eget eleifend luctus ultricies'),
(157, 17, 2, 1, '09:20:00', '12:19:00', '2019-03-05', 'vestibulum velit id pretium iaculis diam'),
(158, 18, 3, 1, '07:35:00', '12:04:00', '2019-03-05', 'aenean auctor gravida sem praesent'),
(159, 19, 2, 1, '08:43:00', '12:20:00', '2019-03-05', 'at nunc commodo placerat praesent blandit nam nulla'),
(160, 20, 4, 1, '07:48:00', '12:14:00', '2019-03-05', 'massa id lobortis convallis tortor'),
(161, 21, 1, 1, '08:56:00', '12:07:00', '2019-03-05', 'vivamus in felis eu sapien cursus vestibulum proin eu'),
(162, 22, 3, 1, '08:26:00', '12:05:00', '2019-03-05', 'ornare imperdiet sapien urna pretium'),
(163, 23, 3, 2, '08:35:00', '12:21:00', '2019-03-05', 'fermentum justo nec condimentum neque sapien placerat'),
(164, 24, 5, 1, '09:09:00', '12:29:00', '2019-03-05', 'rhoncus dui vel sem sed sagittis nam congue risus semper'),
(165, 25, 5, 1, '08:40:00', '12:12:00', '2019-03-05', 'curabitur convallis duis consequat dui nec nisi volutpat'),
(166, 26, 2, 1, '09:22:00', '12:27:00', '2019-03-05', 'faucibus cursus urna ut tellus nulla ut'),
(167, 27, 3, 1, '07:40:00', '12:28:00', '2019-03-05', 'eu mi nulla ac enim in tempor turpis'),
(168, 28, 5, 1, '08:05:00', '12:04:00', '2019-03-05', 'etiam pretium iaculis justo in hac'),
(169, 29, 2, 1, '08:23:00', '12:09:00', '2019-03-05', 'proin leo odio porttitor id consequat in consequat ut'),
(170, 30, 5, 1, '08:20:00', '12:28:00', '2019-03-05', 'volutpat eleifend donec ut dolor morbi vel lectus'),
(171, 31, 3, 1, '08:26:00', '12:02:00', '2019-03-05', 'sem duis aliquam convallis nunc proin'),
(172, 32, 3, 1, '08:32:00', '12:08:00', '2019-03-05', 'ipsum praesent blandit lacinia erat vestibulum sed'),
(173, 33, 5, 1, '07:30:00', '12:14:00', '2019-03-05', 'in sagittis dui vel nisl duis'),
(174, 34, 5, 1, '08:58:00', '12:06:00', '2019-03-05', 'leo rhoncus sed vestibulum sit amet cursus id turpis'),
(175, 35, 3, 1, '08:26:00', '12:08:00', '2019-03-05', 'penatibus et magnis dis parturient'),
(176, 1, 3, 1, '08:21:00', '12:08:00', '2019-03-06', 'bibendum imperdiet nullam orci pede venenatis non'),
(177, 2, 5, 1, '09:15:00', '12:27:00', '2019-03-06', 'enim leo rhoncus sed vestibulum sit amet cursus'),
(178, 3, 1, 1, '08:16:00', '12:18:00', '2019-03-06', 'dictumst etiam faucibus cursus urna ut tellus nulla ut erat'),
(179, 4, 3, 1, '07:49:00', '12:01:00', '2019-03-06', 'vel pede morbi porttitor lorem id ligula suspendisse'),
(180, 5, 4, 1, '08:23:00', '12:18:00', '2019-03-06', 'tellus nisi eu orci mauris lacinia sapien quis'),
(181, 6, 5, 1, '09:13:00', '12:13:00', '2019-03-06', 'luctus et ultrices posuere cubilia'),
(182, 7, 4, 5, '08:51:00', '12:17:00', '2019-03-06', 'aliquet massa id lobortis convallis tortor risus dapibus'),
(183, 8, 3, 3, '07:41:00', '12:03:00', '2019-03-06', 'sit amet cursus id turpis integer aliquet massa id'),
(184, 9, 2, 1, '08:13:00', '12:14:00', '2019-03-06', 'eget semper rutrum nulla nunc purus phasellus in'),
(185, 10, 1, 1, '07:42:00', '12:18:00', '2019-03-06', 'nulla quisque arcu libero rutrum'),
(186, 11, 2, 1, '07:47:00', '12:23:00', '2019-03-06', 'vel nulla eget eros elementum pellentesque quisque porta volutpat'),
(187, 12, 4, 1, '07:38:00', '12:00:00', '2019-03-06', 'blandit nam nulla integer pede'),
(188, 13, 4, 1, '09:13:00', '12:04:00', '2019-03-06', 'et commodo vulputate justo in blandit ultrices enim'),
(189, 14, 4, 1, '08:33:00', '12:10:00', '2019-03-06', 'vel est donec odio justo'),
(190, 15, 5, 1, '08:33:00', '12:28:00', '2019-03-06', 'luctus cum sociis natoque penatibus et magnis dis'),
(191, 16, 4, 1, '08:18:00', '12:07:00', '2019-03-06', 'dictumst aliquam augue quam sollicitudin vitae consectetuer eget rutrum'),
(192, 17, 3, 1, '08:56:00', '12:25:00', '2019-03-06', 'aliquam augue quam sollicitudin vitae consectetuer eget rutrum at'),
(193, 18, 5, 2, '08:01:00', '12:06:00', '2019-03-06', 'ultricies eu nibh quisque id'),
(194, 19, 1, 1, '07:51:00', '12:07:00', '2019-03-06', 'venenatis turpis enim blandit mi in'),
(195, 20, 5, 1, '08:44:00', '12:14:00', '2019-03-06', 'eget congue eget semper rutrum'),
(196, 21, 2, 1, '08:49:00', '12:26:00', '2019-03-06', 'vestibulum ante ipsum primis in faucibus orci luctus et ultrices'),
(197, 22, 4, 5, '09:00:00', '12:28:00', '2019-03-06', 'eu magna vulputate luctus cum sociis'),
(198, 23, 4, 1, '07:56:00', '12:05:00', '2019-03-06', 'justo morbi ut odio cras'),
(199, 24, 5, 1, '08:11:00', '12:05:00', '2019-03-06', 'scelerisque mauris sit amet eros suspendisse accumsan tortor'),
(200, 25, 4, 3, '08:03:00', '12:24:00', '2019-03-06', 'lacus at velit vivamus vel nulla eget eros'),
(201, 26, 4, 1, '09:00:00', '12:29:00', '2019-03-06', 'magnis dis parturient montes nascetur ridiculus mus etiam vel augue'),
(202, 27, 4, 1, '08:39:00', '12:14:00', '2019-03-06', 'amet consectetuer adipiscing elit proin interdum mauris'),
(203, 28, 5, 4, '08:31:00', '12:27:00', '2019-03-06', 'sollicitudin vitae consectetuer eget rutrum at'),
(204, 29, 4, 1, '08:12:00', '12:07:00', '2019-03-06', 'dui proin leo odio porttitor id consequat'),
(205, 30, 3, 1, '08:59:00', '12:14:00', '2019-03-06', 'gravida nisi at nibh in'),
(206, 31, 5, 1, '07:42:00', '12:23:00', '2019-03-06', 'cum sociis natoque penatibus et magnis'),
(207, 32, 4, 1, '07:48:00', '12:07:00', '2019-03-06', 'tortor sollicitudin mi sit amet lobortis sapien sapien non'),
(208, 33, 2, 1, '09:12:00', '12:05:00', '2019-03-06', 'eget tincidunt eget tempus vel pede morbi porttitor lorem id'),
(209, 34, 1, 4, '09:09:00', '12:26:00', '2019-03-06', 'eleifend donec ut dolor morbi vel lectus'),
(210, 35, 1, 1, '08:33:00', '12:03:00', '2019-03-06', 'elit sodales scelerisque mauris sit amet'),
(211, 1, 4, 1, '08:58:00', '12:28:00', '2019-03-07', 'mattis egestas metus aenean fermentum donec'),
(212, 2, 4, 1, '07:51:00', '12:11:00', '2019-03-07', 'ultrices posuere cubilia curae donec pharetra magna vestibulum'),
(213, 3, 1, 1, '09:26:00', '12:07:00', '2019-03-07', 'libero ut massa volutpat convallis morbi odio odio elementum'),
(214, 4, 2, 5, '09:26:00', '12:18:00', '2019-03-07', 'eleifend quam a odio in hac habitasse platea'),
(215, 5, 1, 2, '08:19:00', '12:23:00', '2019-03-07', 'curabitur at ipsum ac tellus semper interdum mauris ullamcorper purus'),
(216, 6, 1, 1, '09:02:00', '12:00:00', '2019-03-07', 'at dolor quis odio consequat varius integer ac'),
(217, 7, 2, 1, '08:55:00', '12:28:00', '2019-03-07', 'nulla eget eros elementum pellentesque quisque porta volutpat'),
(218, 8, 3, 1, '07:33:00', '12:26:00', '2019-03-07', 'proin eu mi nulla ac enim in tempor turpis'),
(219, 9, 4, 1, '08:45:00', '12:09:00', '2019-03-07', 'nec euismod scelerisque quam turpis adipiscing lorem vitae'),
(220, 10, 3, 1, '07:41:00', '12:17:00', '2019-03-07', 'hac habitasse platea dictumst maecenas ut massa'),
(221, 11, 4, 1, '08:52:00', '12:17:00', '2019-03-07', 'convallis eget eleifend luctus ultricies'),
(222, 12, 4, 1, '09:05:00', '12:05:00', '2019-03-07', 'orci vehicula condimentum curabitur in'),
(223, 13, 4, 1, '08:18:00', '12:03:00', '2019-03-07', 'sed augue aliquam erat volutpat'),
(224, 14, 3, 1, '09:21:00', '12:08:00', '2019-03-07', 'integer tincidunt ante vel ipsum praesent blandit lacinia erat vestibulum'),
(225, 15, 5, 1, '08:03:00', '12:24:00', '2019-03-07', 'nam nulla integer pede justo lacinia eget tincidunt'),
(226, 16, 4, 3, '07:32:00', '12:20:00', '2019-03-07', 'mus etiam vel augue vestibulum rutrum rutrum neque aenean auctor'),
(227, 17, 2, 1, '08:00:00', '12:01:00', '2019-03-07', 'id ornare imperdiet sapien urna pretium nisl ut'),
(228, 18, 5, 1, '08:47:00', '12:19:00', '2019-03-07', 'purus phasellus in felis donec semper'),
(229, 19, 3, 1, '09:00:00', '12:13:00', '2019-03-07', 'massa id lobortis convallis tortor risus'),
(230, 20, 1, 1, '09:27:00', '12:17:00', '2019-03-07', 'non velit donec diam neque vestibulum eget vulputate ut'),
(231, 21, 1, 1, '09:19:00', '12:10:00', '2019-03-07', 'ut erat id mauris vulputate'),
(232, 22, 1, 1, '08:55:00', '12:29:00', '2019-03-07', 'mi in porttitor pede justo eu'),
(233, 23, 4, 1, '08:08:00', '12:00:00', '2019-03-07', 'in porttitor pede justo eu'),
(234, 24, 2, 1, '07:37:00', '12:07:00', '2019-03-07', 'id justo sit amet sapien dignissim vestibulum vestibulum ante'),
(235, 25, 1, 1, '08:04:00', '12:17:00', '2019-03-07', 'massa quis augue luctus tincidunt nulla mollis molestie lorem'),
(236, 26, 3, 1, '07:36:00', '12:24:00', '2019-03-07', 'lectus vestibulum quam sapien varius ut blandit non interdum'),
(237, 27, 5, 1, '08:56:00', '12:18:00', '2019-03-07', 'sociis natoque penatibus et magnis'),
(238, 28, 4, 1, '07:38:00', '12:25:00', '2019-03-07', 'duis bibendum felis sed interdum venenatis turpis enim'),
(239, 29, 4, 1, '09:27:00', '12:01:00', '2019-03-07', 'ante ipsum primis in faucibus orci'),
(240, 30, 1, 5, '08:15:00', '12:13:00', '2019-03-07', 'platea dictumst morbi vestibulum velit id pretium iaculis diam'),
(241, 31, 5, 1, '08:27:00', '12:03:00', '2019-03-07', 'aliquam augue quam sollicitudin vitae consectetuer'),
(242, 32, 3, 3, '07:54:00', '12:18:00', '2019-03-07', 'ornare consequat lectus in est'),
(243, 33, 1, 1, '09:09:00', '12:22:00', '2019-03-07', 'praesent blandit lacinia erat vestibulum sed magna at nunc commodo'),
(244, 34, 4, 1, '08:51:00', '12:19:00', '2019-03-07', 'aliquet at feugiat non pretium quis lectus suspendisse'),
(245, 35, 5, 1, '08:16:00', '12:09:00', '2019-03-07', 'lorem integer tincidunt ante vel ipsum praesent blandit lacinia'),
(246, 1, 2, 1, '09:25:00', '12:26:00', '2019-03-08', 'est lacinia nisi venenatis tristique fusce'),
(247, 2, 3, 3, '07:37:00', '12:16:00', '2019-03-08', 'phasellus id sapien in sapien iaculis congue'),
(248, 3, 2, 1, '08:17:00', '12:24:00', '2019-03-08', 'turpis integer aliquet massa id'),
(249, 4, 3, 1, '08:05:00', '12:28:00', '2019-03-08', 'quis justo maecenas rhoncus aliquam'),
(250, 5, 5, 1, '08:17:00', '12:03:00', '2019-03-08', 'sit amet erat nulla tempus'),
(251, 6, 1, 1, '08:34:00', '12:11:00', '2019-03-08', 'a feugiat et eros vestibulum ac'),
(252, 7, 2, 1, '08:32:00', '12:06:00', '2019-03-08', 'tincidunt lacus at velit vivamus vel nulla eget eros'),
(253, 8, 2, 1, '08:16:00', '12:10:00', '2019-03-08', 'suspendisse potenti nullam porttitor lacus at turpis donec posuere metus'),
(254, 9, 2, 1, '08:20:00', '12:17:00', '2019-03-08', 'sapien ut nunc vestibulum ante ipsum primis in'),
(255, 10, 4, 1, '08:17:00', '12:26:00', '2019-03-08', 'justo sit amet sapien dignissim vestibulum vestibulum ante ipsum'),
(256, 11, 4, 1, '08:50:00', '12:27:00', '2019-03-08', 'velit vivamus vel nulla eget eros elementum pellentesque quisque'),
(257, 12, 1, 1, '08:39:00', '12:04:00', '2019-03-08', 'luctus et ultrices posuere cubilia curae donec pharetra magna vestibulum'),
(258, 13, 5, 1, '09:13:00', '12:25:00', '2019-03-08', 'nulla neque libero convallis eget eleifend'),
(259, 14, 4, 1, '07:38:00', '12:16:00', '2019-03-08', 'congue risus semper porta volutpat quam'),
(260, 15, 4, 2, '09:20:00', '12:17:00', '2019-03-08', 'ante ipsum primis in faucibus orci luctus et'),
(261, 16, 4, 1, '09:04:00', '12:12:00', '2019-03-08', 'magnis dis parturient montes nascetur ridiculus mus vivamus vestibulum sagittis'),
(262, 17, 2, 1, '08:14:00', '12:00:00', '2019-03-08', 'ligula nec sem duis aliquam convallis nunc'),
(263, 18, 1, 1, '07:57:00', '12:00:00', '2019-03-08', 'ante ipsum primis in faucibus'),
(264, 19, 3, 1, '08:46:00', '12:20:00', '2019-03-08', 'faucibus accumsan odio curabitur convallis duis consequat dui nec nisi'),
(265, 20, 1, 5, '07:43:00', '12:29:00', '2019-03-08', 'varius integer ac leo pellentesque ultrices'),
(266, 21, 5, 1, '08:40:00', '12:10:00', '2019-03-08', 'erat id mauris vulputate elementum nullam varius nulla facilisi'),
(267, 22, 5, 1, '09:08:00', '12:14:00', '2019-03-08', 'rhoncus aliquet pulvinar sed nisl nunc rhoncus dui'),
(268, 23, 5, 4, '09:18:00', '12:05:00', '2019-03-08', 'etiam justo etiam pretium iaculis'),
(269, 24, 3, 1, '08:57:00', '12:28:00', '2019-03-08', 'felis donec semper sapien a libero nam dui proin leo'),
(270, 25, 1, 1, '08:55:00', '12:19:00', '2019-03-08', 'lobortis ligula sit amet eleifend pede'),
(271, 26, 4, 1, '08:16:00', '12:24:00', '2019-03-08', 'purus eu magna vulputate luctus'),
(272, 27, 2, 1, '08:58:00', '12:17:00', '2019-03-08', 'quis turpis sed ante vivamus tortor'),
(273, 28, 1, 1, '08:43:00', '12:01:00', '2019-03-08', 'orci luctus et ultrices posuere cubilia curae donec pharetra magna'),
(274, 29, 4, 1, '09:27:00', '12:00:00', '2019-03-08', 'mattis odio donec vitae nisi nam ultrices libero non mattis'),
(275, 30, 5, 1, '08:53:00', '12:08:00', '2019-03-08', 'morbi non quam nec dui luctus rutrum'),
(276, 31, 2, 1, '07:36:00', '12:12:00', '2019-03-08', 'a feugiat et eros vestibulum ac'),
(277, 32, 2, 1, '08:06:00', '12:11:00', '2019-03-08', 'posuere felis sed lacus morbi sem mauris laoreet'),
(278, 33, 1, 1, '08:09:00', '12:26:00', '2019-03-08', 'lorem integer tincidunt ante vel ipsum'),
(279, 34, 1, 1, '08:41:00', '12:04:00', '2019-03-08', 'augue a suscipit nulla elit ac nulla sed vel enim'),
(280, 35, 4, 1, '07:38:00', '12:27:00', '2019-03-08', 'quam sollicitudin vitae consectetuer eget rutrum at'),
(281, 1, 3, 1, '08:48:00', '12:00:00', '2019-03-11', 'eget tempus vel pede morbi porttitor lorem id ligula'),
(282, 2, 5, 2, '07:30:00', '12:01:00', '2019-03-11', 'luctus et ultrices posuere cubilia curae nulla dapibus dolor vel'),
(283, 3, 5, 5, '08:50:00', '12:05:00', '2019-03-11', 'blandit nam nulla integer pede justo lacinia'),
(284, 4, 2, 1, '09:12:00', '12:11:00', '2019-03-11', 'rutrum nulla tellus in sagittis'),
(285, 5, 3, 1, '07:58:00', '12:07:00', '2019-03-11', 'facilisi cras non velit nec nisi vulputate nonummy maecenas'),
(286, 6, 5, 1, '07:44:00', '12:24:00', '2019-03-11', 'sit amet eleifend pede libero quis'),
(287, 7, 1, 1, '07:39:00', '12:14:00', '2019-03-11', 'luctus cum sociis natoque penatibus et magnis dis'),
(288, 8, 3, 1, '09:03:00', '12:02:00', '2019-03-11', 'ante vel ipsum praesent blandit lacinia'),
(289, 9, 4, 1, '08:31:00', '12:27:00', '2019-03-11', 'quisque erat eros viverra eget congue'),
(290, 10, 3, 1, '09:10:00', '12:21:00', '2019-03-11', 'purus phasellus in felis donec'),
(291, 11, 3, 1, '07:36:00', '12:15:00', '2019-03-11', 'luctus cum sociis natoque penatibus et magnis'),
(292, 12, 2, 1, '08:37:00', '12:07:00', '2019-03-11', 'lobortis sapien sapien non mi integer ac'),
(293, 13, 4, 1, '08:51:00', '12:19:00', '2019-03-11', 'ut odio cras mi pede malesuada in imperdiet'),
(294, 14, 2, 1, '07:51:00', '12:09:00', '2019-03-11', 'eu felis fusce posuere felis'),
(295, 15, 2, 5, '08:44:00', '12:24:00', '2019-03-11', 'potenti in eleifend quam a odio in hac habitasse'),
(296, 16, 2, 1, '09:12:00', '12:18:00', '2019-03-11', 'magna bibendum imperdiet nullam orci pede venenatis'),
(297, 17, 2, 2, '07:57:00', '12:04:00', '2019-03-11', 'montes nascetur ridiculus mus vivamus vestibulum sagittis sapien cum'),
(298, 18, 2, 1, '08:55:00', '12:18:00', '2019-03-11', 'tempor turpis nec euismod scelerisque quam turpis adipiscing lorem'),
(299, 19, 1, 1, '07:57:00', '12:04:00', '2019-03-11', 'ultrices phasellus id sapien in sapien iaculis congue vivamus'),
(300, 20, 4, 2, '09:08:00', '12:11:00', '2019-03-11', 'ultrices posuere cubilia curae mauris'),
(301, 21, 1, 1, '08:44:00', '12:12:00', '2019-03-11', 'natoque penatibus et magnis dis'),
(302, 22, 5, 1, '07:58:00', '12:09:00', '2019-03-11', 'justo etiam pretium iaculis justo in hac'),
(303, 23, 2, 1, '07:31:00', '12:24:00', '2019-03-11', 'in faucibus orci luctus et ultrices posuere cubilia curae'),
(304, 24, 1, 1, '09:24:00', '12:24:00', '2019-03-11', 'odio in hac habitasse platea dictumst maecenas ut massa'),
(305, 25, 3, 1, '07:58:00', '12:05:00', '2019-03-11', 'et ultrices posuere cubilia curae nulla dapibus dolor vel'),
(306, 26, 5, 4, '09:08:00', '12:05:00', '2019-03-11', 'imperdiet et commodo vulputate justo in blandit ultrices enim'),
(307, 27, 2, 1, '08:37:00', '12:23:00', '2019-03-11', 'commodo placerat praesent blandit nam nulla integer pede justo lacinia'),
(308, 28, 4, 1, '09:11:00', '12:15:00', '2019-03-11', 'orci luctus et ultrices posuere'),
(309, 29, 4, 1, '08:36:00', '12:05:00', '2019-03-11', 'morbi non quam nec dui luctus'),
(310, 30, 4, 1, '08:08:00', '12:01:00', '2019-03-11', 'auctor gravida sem praesent id'),
(311, 31, 1, 1, '07:35:00', '12:24:00', '2019-03-11', 'nullam varius nulla facilisi cras non velit nec'),
(312, 32, 2, 1, '08:38:00', '12:28:00', '2019-03-11', 'ante ipsum primis in faucibus orci luctus et ultrices posuere'),
(313, 33, 5, 1, '07:54:00', '12:23:00', '2019-03-11', 'diam nam tristique tortor eu pede'),
(314, 34, 3, 1, '09:11:00', '12:10:00', '2019-03-11', 'eu orci mauris lacinia sapien quis'),
(315, 35, 4, 1, '07:43:00', '12:01:00', '2019-03-11', 'lacus purus aliquet at feugiat non pretium quis lectus'),
(316, 1, 1, 1, '08:42:00', '12:19:00', '2019-03-12', 'lobortis vel dapibus at diam'),
(317, 2, 3, 1, '08:31:00', '12:14:00', '2019-03-12', 'amet erat nulla tempus vivamus in felis eu sapien'),
(318, 3, 3, 1, '08:41:00', '12:04:00', '2019-03-12', 'sem fusce consequat nulla nisl nunc'),
(319, 4, 1, 1, '08:10:00', '12:08:00', '2019-03-12', 'congue diam id ornare imperdiet sapien urna pretium nisl ut'),
(320, 5, 2, 1, '08:51:00', '12:03:00', '2019-03-12', 'eu est congue elementum in hac'),
(321, 6, 2, 1, '08:56:00', '12:00:00', '2019-03-12', 'quis libero nullam sit amet turpis elementum ligula vehicula'),
(322, 7, 2, 1, '07:48:00', '12:23:00', '2019-03-12', 'id luctus nec molestie sed justo'),
(323, 8, 1, 1, '08:03:00', '12:04:00', '2019-03-12', 'felis eu sapien cursus vestibulum'),
(324, 9, 1, 2, '08:51:00', '12:02:00', '2019-03-12', 'dictumst maecenas ut massa quis'),
(325, 10, 4, 1, '08:57:00', '12:25:00', '2019-03-12', 'eget semper rutrum nulla nunc'),
(326, 11, 1, 1, '09:22:00', '12:02:00', '2019-03-12', 'pretium iaculis diam erat fermentum justo nec condimentum neque'),
(327, 12, 3, 1, '08:15:00', '12:09:00', '2019-03-12', 'quis justo maecenas rhoncus aliquam lacus'),
(328, 13, 3, 1, '08:10:00', '12:05:00', '2019-03-12', 'sed nisl nunc rhoncus dui vel sem sed'),
(329, 14, 3, 2, '07:36:00', '12:10:00', '2019-03-12', 'hendrerit at vulputate vitae nisl aenean'),
(330, 15, 2, 1, '08:30:00', '12:06:00', '2019-03-12', 'lobortis sapien sapien non mi integer'),
(331, 16, 1, 1, '07:36:00', '12:10:00', '2019-03-12', 'ac tellus semper interdum mauris'),
(332, 17, 2, 1, '07:59:00', '12:23:00', '2019-03-12', 'convallis nulla neque libero convallis eget eleifend'),
(333, 18, 1, 1, '08:45:00', '12:12:00', '2019-03-12', 'ipsum integer a nibh in'),
(334, 19, 2, 1, '08:31:00', '12:12:00', '2019-03-12', 'donec dapibus duis at velit eu est congue elementum'),
(335, 20, 4, 1, '07:45:00', '12:04:00', '2019-03-12', 'proin eu mi nulla ac enim in'),
(336, 21, 5, 1, '07:48:00', '12:27:00', '2019-03-12', 'enim blandit mi in porttitor'),
(337, 22, 2, 1, '07:46:00', '12:11:00', '2019-03-12', 'ligula suspendisse ornare consequat lectus in est risus'),
(338, 23, 3, 1, '08:29:00', '12:08:00', '2019-03-12', 'quam fringilla rhoncus mauris enim leo rhoncus sed vestibulum'),
(339, 24, 3, 1, '08:50:00', '12:19:00', '2019-03-12', 'id consequat in consequat ut nulla sed accumsan felis'),
(340, 25, 4, 1, '09:16:00', '12:08:00', '2019-03-12', 'odio elementum eu interdum eu'),
(341, 26, 1, 1, '08:44:00', '12:28:00', '2019-03-12', 'non pretium quis lectus suspendisse potenti in eleifend quam'),
(342, 27, 4, 3, '08:37:00', '12:03:00', '2019-03-12', 'vel nisl duis ac nibh fusce lacus purus aliquet at'),
(343, 28, 1, 1, '08:00:00', '12:16:00', '2019-03-12', 'ipsum integer a nibh in quis justo maecenas rhoncus'),
(344, 29, 2, 1, '09:18:00', '12:16:00', '2019-03-12', 'molestie sed justo pellentesque viverra pede'),
(345, 30, 3, 1, '09:02:00', '12:01:00', '2019-03-12', 'lacus morbi quis tortor id nulla ultrices aliquet maecenas leo'),
(346, 31, 5, 1, '07:54:00', '12:13:00', '2019-03-12', 'interdum venenatis turpis enim blandit mi in porttitor pede'),
(347, 32, 3, 1, '07:51:00', '12:24:00', '2019-03-12', 'nibh quisque id justo sit amet sapien'),
(348, 33, 2, 4, '07:44:00', '12:04:00', '2019-03-12', 'pellentesque volutpat dui maecenas tristique est'),
(349, 34, 1, 1, '08:00:00', '12:22:00', '2019-03-12', 'velit id pretium iaculis diam erat fermentum justo nec condimentum'),
(350, 35, 2, 1, '08:06:00', '12:08:00', '2019-03-12', 'viverra eget congue eget semper rutrum'),
(351, 1, 4, 3, '08:39:00', '12:14:00', '2019-03-01', 'purus sit amet nulla quisque arcu libero rutrum'),
(352, 2, 1, 1, '08:55:00', '12:08:00', '2019-03-13', 'libero nullam sit amet turpis elementum ligula vehicula consequat'),
(353, 3, 4, 2, '07:47:00', '12:22:00', '2019-03-13', 'ac enim in tempor turpis nec euismod'),
(354, 4, 1, 1, '07:55:00', '12:04:00', '2019-03-13', 'id consequat in consequat ut nulla sed'),
(355, 5, 5, 1, '07:35:00', '12:18:00', '2019-03-13', 'morbi vestibulum velit id pretium iaculis diam'),
(356, 6, 1, 1, '09:29:00', '12:16:00', '2019-03-13', 'accumsan tellus nisi eu orci mauris lacinia sapien quis libero'),
(357, 7, 4, 1, '07:52:00', '12:27:00', '2019-03-13', 'erat volutpat in congue etiam justo etiam pretium iaculis justo'),
(358, 8, 4, 2, '08:10:00', '12:01:00', '2019-03-13', 'dui luctus rutrum nulla tellus in sagittis dui vel'),
(359, 9, 4, 1, '09:12:00', '12:12:00', '2019-03-13', 'vestibulum ante ipsum primis in'),
(360, 10, 5, 1, '08:00:00', '12:09:00', '2019-03-13', 'nec nisi volutpat eleifend donec'),
(361, 11, 2, 1, '07:41:00', '12:00:00', '2019-03-13', 'dictumst maecenas ut massa quis'),
(362, 12, 2, 1, '08:52:00', '12:27:00', '2019-03-13', 'ut blandit non interdum in ante'),
(363, 13, 2, 4, '08:00:00', '12:12:00', '2019-03-13', 'nisl ut volutpat sapien arcu sed augue aliquam'),
(364, 14, 4, 1, '08:13:00', '12:28:00', '2019-03-13', 'lobortis vel dapibus at diam nam'),
(365, 15, 5, 1, '08:32:00', '12:07:00', '2019-03-13', 'sit amet eleifend pede libero quis orci nullam molestie nibh'),
(366, 16, 1, 1, '08:12:00', '12:24:00', '2019-03-13', 'diam vitae quam suspendisse potenti nullam porttitor lacus at'),
(367, 17, 5, 1, '07:43:00', '12:18:00', '2019-03-13', 'mauris sit amet eros suspendisse accumsan'),
(368, 18, 5, 1, '09:25:00', '12:19:00', '2019-03-13', 'sit amet diam in magna'),
(369, 19, 2, 1, '09:14:00', '12:10:00', '2019-03-13', 'enim blandit mi in porttitor pede justo eu massa donec'),
(370, 20, 5, 1, '08:21:00', '12:07:00', '2019-03-13', 'duis mattis egestas metus aenean fermentum'),
(371, 21, 3, 5, '08:19:00', '12:04:00', '2019-03-13', 'ac est lacinia nisi venenatis tristique fusce'),
(372, 22, 1, 1, '07:41:00', '12:21:00', '2019-03-13', 'dui nec nisi volutpat eleifend'),
(373, 23, 4, 1, '07:52:00', '12:23:00', '2019-03-13', 'augue luctus tincidunt nulla mollis molestie lorem'),
(374, 24, 2, 2, '09:24:00', '12:02:00', '2019-03-13', 'convallis eget eleifend luctus ultricies eu nibh quisque id justo'),
(375, 25, 2, 1, '08:26:00', '12:20:00', '2019-03-13', 'purus phasellus in felis donec semper sapien'),
(376, 26, 4, 1, '07:44:00', '12:06:00', '2019-03-13', 'nulla ut erat id mauris'),
(377, 27, 1, 1, '09:21:00', '12:05:00', '2019-03-13', 'habitasse platea dictumst aliquam augue'),
(378, 28, 1, 1, '07:32:00', '12:18:00', '2019-03-13', 'elementum pellentesque quisque porta volutpat erat quisque erat eros'),
(379, 29, 1, 1, '08:14:00', '12:20:00', '2019-03-13', 'eget nunc donec quis orci eget'),
(380, 30, 3, 1, '08:45:00', '12:23:00', '2019-03-13', 'venenatis non sodales sed tincidunt eu felis fusce'),
(381, 31, 4, 1, '09:22:00', '12:15:00', '2019-03-13', 'maecenas ut massa quis augue luctus tincidunt'),
(382, 32, 1, 1, '08:03:00', '12:18:00', '2019-03-13', 'nec sem duis aliquam convallis nunc proin at turpis a'),
(383, 33, 1, 1, '09:22:00', '12:07:00', '2019-03-13', 'amet eleifend pede libero quis'),
(384, 34, 2, 1, '07:41:00', '12:05:00', '2019-03-13', 'libero nam dui proin leo odio porttitor id consequat in'),
(385, 35, 4, 1, '08:45:00', '12:06:00', '2019-03-13', 'nisl nunc nisl duis bibendum'),
(386, 1, 3, 1, '08:54:00', '12:17:00', '2019-03-14', 'ante vestibulum ante ipsum primis'),
(387, 2, 1, 1, '08:20:00', '12:15:00', '2019-03-14', 'nascetur ridiculus mus vivamus vestibulum sagittis sapien cum sociis'),
(388, 3, 4, 1, '07:47:00', '12:28:00', '2019-03-14', 'ut erat curabitur gravida nisi at nibh'),
(389, 4, 1, 1, '07:49:00', '12:03:00', '2019-03-14', 'ante ipsum primis in faucibus orci luctus et ultrices posuere'),
(390, 5, 4, 1, '08:56:00', '12:23:00', '2019-03-14', 'amet consectetuer adipiscing elit proin interdum mauris non'),
(391, 6, 5, 5, '09:23:00', '12:25:00', '2019-03-14', 'ut nulla sed accumsan felis ut at'),
(392, 7, 1, 1, '07:59:00', '12:19:00', '2019-03-14', 'augue vestibulum ante ipsum primis in faucibus orci luctus'),
(393, 8, 2, 1, '09:28:00', '12:27:00', '2019-03-14', 'orci luctus et ultrices posuere cubilia'),
(394, 9, 3, 1, '09:28:00', '12:13:00', '2019-03-14', 'venenatis turpis enim blandit mi in porttitor pede justo'),
(395, 10, 4, 1, '09:15:00', '12:03:00', '2019-03-14', 'vulputate luctus cum sociis natoque'),
(396, 11, 2, 1, '07:30:00', '12:04:00', '2019-03-14', 'cras mi pede malesuada in imperdiet et commodo vulputate'),
(397, 12, 3, 1, '08:38:00', '12:04:00', '2019-03-14', 'sapien dignissim vestibulum vestibulum ante'),
(398, 13, 5, 1, '08:27:00', '12:09:00', '2019-03-14', 'sit amet nulla quisque arcu libero rutrum ac lobortis'),
(399, 14, 3, 1, '09:20:00', '12:07:00', '2019-03-14', 'at diam nam tristique tortor'),
(400, 15, 5, 1, '09:08:00', '12:23:00', '2019-03-14', 'faucibus orci luctus et ultrices posuere cubilia'),
(401, 16, 3, 1, '08:00:00', '12:07:00', '2019-03-14', 'vivamus tortor duis mattis egestas metus aenean fermentum donec'),
(402, 17, 4, 1, '09:01:00', '12:24:00', '2019-03-14', 'et magnis dis parturient montes nascetur ridiculus mus'),
(403, 18, 1, 1, '08:15:00', '12:23:00', '2019-03-14', 'mauris ullamcorper purus sit amet nulla'),
(404, 19, 5, 1, '08:08:00', '12:00:00', '2019-03-14', 'leo rhoncus sed vestibulum sit amet cursus id'),
(405, 20, 3, 1, '07:52:00', '12:02:00', '2019-03-14', 'tempor turpis nec euismod scelerisque quam turpis adipiscing lorem'),
(406, 21, 4, 1, '08:46:00', '12:28:00', '2019-03-14', 'integer aliquet massa id lobortis convallis tortor risus dapibus augue'),
(407, 22, 1, 3, '07:45:00', '12:17:00', '2019-03-14', 'volutpat erat quisque erat eros'),
(408, 23, 2, 1, '08:57:00', '12:27:00', '2019-03-14', 'quam pede lobortis ligula sit amet eleifend pede libero quis'),
(409, 24, 5, 2, '07:39:00', '12:24:00', '2019-03-14', 'nunc purus phasellus in felis donec'),
(410, 25, 1, 1, '08:19:00', '12:28:00', '2019-03-14', 'iaculis justo in hac habitasse platea dictumst etiam'),
(411, 26, 2, 1, '09:23:00', '12:14:00', '2019-03-14', 'curabitur in libero ut massa volutpat convallis morbi odio odio'),
(412, 27, 3, 1, '07:40:00', '12:16:00', '2019-03-14', 'pede justo lacinia eget tincidunt eget'),
(413, 28, 2, 5, '09:06:00', '12:00:00', '2019-03-14', 'est congue elementum in hac habitasse platea'),
(414, 29, 4, 1, '07:54:00', '12:02:00', '2019-03-14', 'tortor quis turpis sed ante vivamus tortor duis mattis egestas'),
(415, 30, 1, 4, '08:49:00', '12:21:00', '2019-03-14', 'a ipsum integer a nibh in quis justo'),
(416, 31, 4, 5, '08:15:00', '12:27:00', '2019-03-14', 'neque aenean auctor gravida sem'),
(417, 32, 4, 1, '08:15:00', '12:19:00', '2019-03-14', 'duis ac nibh fusce lacus purus aliquet at feugiat'),
(418, 33, 4, 1, '08:33:00', '12:23:00', '2019-03-14', 'dolor sit amet consectetuer adipiscing elit proin interdum'),
(419, 34, 4, 1, '09:26:00', '12:16:00', '2019-03-14', 'non lectus aliquam sit amet diam in magna'),
(420, 35, 5, 1, '08:24:00', '12:17:00', '2019-03-14', 'in consequat ut nulla sed accumsan felis ut'),
(421, 1, 4, 1, '09:09:00', '12:23:00', '2019-03-15', 'ut dolor morbi vel lectus in quam fringilla'),
(422, 2, 4, 1, '07:46:00', '12:03:00', '2019-03-15', 'commodo vulputate justo in blandit ultrices enim lorem ipsum dolor'),
(423, 3, 3, 1, '08:41:00', '12:14:00', '2019-03-15', 'orci luctus et ultrices posuere cubilia'),
(424, 4, 5, 1, '08:29:00', '12:07:00', '2019-03-15', 'eros vestibulum ac est lacinia nisi venenatis tristique'),
(425, 5, 4, 1, '08:14:00', '12:14:00', '2019-03-15', 'ornare imperdiet sapien urna pretium nisl ut volutpat'),
(426, 6, 3, 1, '09:06:00', '12:05:00', '2019-03-15', 'sagittis dui vel nisl duis ac nibh fusce lacus'),
(427, 7, 3, 1, '08:49:00', '12:17:00', '2019-03-15', 'nisi at nibh in hac habitasse platea dictumst aliquam'),
(428, 8, 3, 2, '07:44:00', '12:03:00', '2019-03-15', 'semper rutrum nulla nunc purus phasellus in felis donec semper'),
(429, 9, 3, 1, '08:01:00', '12:05:00', '2019-03-15', 'sed vestibulum sit amet cursus id turpis integer'),
(430, 10, 4, 1, '08:14:00', '12:22:00', '2019-03-15', 'parturient montes nascetur ridiculus mus etiam vel augue vestibulum'),
(431, 11, 2, 2, '08:09:00', '12:23:00', '2019-03-15', 'libero ut massa volutpat convallis morbi odio'),
(432, 12, 5, 2, '07:52:00', '12:02:00', '2019-03-15', 'blandit nam nulla integer pede justo lacinia eget tincidunt'),
(433, 13, 3, 1, '09:04:00', '12:21:00', '2019-03-15', 'nulla tellus in sagittis dui vel nisl duis'),
(434, 14, 1, 5, '09:25:00', '12:16:00', '2019-03-15', 'fringilla rhoncus mauris enim leo rhoncus sed vestibulum'),
(435, 15, 5, 1, '08:33:00', '12:26:00', '2019-03-15', 'in quam fringilla rhoncus mauris enim leo rhoncus'),
(436, 16, 4, 1, '07:47:00', '12:04:00', '2019-03-15', 'quisque porta volutpat erat quisque'),
(437, 17, 4, 1, '07:50:00', '12:08:00', '2019-03-15', 'in faucibus orci luctus et ultrices posuere'),
(438, 18, 2, 1, '08:49:00', '12:20:00', '2019-03-15', 'pede venenatis non sodales sed tincidunt eu felis fusce posuere'),
(439, 19, 1, 1, '08:59:00', '12:09:00', '2019-03-15', 'blandit lacinia erat vestibulum sed'),
(440, 20, 3, 1, '08:49:00', '12:07:00', '2019-03-15', 'et magnis dis parturient montes nascetur ridiculus mus etiam vel'),
(441, 21, 2, 1, '08:47:00', '12:11:00', '2019-03-15', 'donec diam neque vestibulum eget vulputate ut ultrices vel augue'),
(442, 22, 2, 1, '07:47:00', '12:28:00', '2019-03-15', 'nullam molestie nibh in lectus pellentesque at nulla'),
(443, 23, 3, 1, '08:48:00', '12:05:00', '2019-03-15', 'ac consequat metus sapien ut'),
(444, 24, 3, 1, '07:47:00', '12:18:00', '2019-03-15', 'amet consectetuer adipiscing elit proin risus praesent lectus'),
(445, 25, 4, 5, '08:56:00', '12:00:00', '2019-03-15', 'ac est lacinia nisi venenatis'),
(446, 26, 3, 3, '07:32:00', '12:28:00', '2019-03-15', 'eu interdum eu tincidunt in leo maecenas pulvinar lobortis est'),
(447, 27, 2, 1, '07:44:00', '12:15:00', '2019-03-15', 'sed magna at nunc commodo placerat praesent blandit'),
(448, 28, 2, 1, '09:08:00', '12:14:00', '2019-03-15', 'elit ac nulla sed vel enim sit amet nunc'),
(449, 29, 1, 1, '08:54:00', '12:20:00', '2019-03-15', 'tincidunt in leo maecenas pulvinar lobortis est phasellus'),
(450, 30, 2, 1, '08:49:00', '12:14:00', '2019-03-15', 'in faucibus orci luctus et ultrices posuere cubilia curae nulla'),
(451, 31, 1, 1, '09:21:00', '12:13:00', '2019-03-15', 'eleifend quam a odio in'),
(452, 32, 1, 1, '07:41:00', '12:27:00', '2019-03-15', 'vestibulum ante ipsum primis in faucibus orci luctus et'),
(453, 33, 5, 1, '08:48:00', '12:13:00', '2019-03-15', 'at diam nam tristique tortor eu'),
(454, 34, 4, 1, '07:49:00', '12:14:00', '2019-03-15', 'tempor convallis nulla neque libero convallis'),
(455, 35, 2, 3, '08:21:00', '12:16:00', '2019-03-15', 'eget nunc donec quis orci eget'),
(456, 1, 4, 1, '07:48:00', '12:16:00', '2019-03-18', 'erat tortor sollicitudin mi sit amet lobortis sapien sapien'),
(457, 2, 1, 1, '07:45:00', '12:09:00', '2019-03-18', 'vel augue vestibulum rutrum rutrum neque aenean'),
(458, 3, 1, 1, '08:06:00', '12:10:00', '2019-03-18', 'dolor sit amet consectetuer adipiscing elit proin'),
(459, 4, 3, 4, '08:52:00', '12:08:00', '2019-03-18', 'amet nulla quisque arcu libero rutrum ac lobortis vel'),
(460, 5, 3, 1, '08:49:00', '12:13:00', '2019-03-18', 'libero non mattis pulvinar nulla pede ullamcorper'),
(461, 6, 1, 1, '09:08:00', '12:00:00', '2019-03-18', 'primis in faucibus orci luctus et'),
(462, 7, 2, 1, '09:01:00', '12:16:00', '2019-03-18', 'consequat morbi a ipsum integer'),
(463, 8, 1, 1, '09:10:00', '12:13:00', '2019-03-18', 'praesent blandit lacinia erat vestibulum sed magna'),
(464, 9, 1, 1, '08:51:00', '12:20:00', '2019-03-18', 'interdum venenatis turpis enim blandit mi in porttitor'),
(465, 10, 2, 1, '09:00:00', '12:12:00', '2019-03-18', 'vel sem sed sagittis nam congue risus semper porta volutpat'),
(466, 11, 5, 1, '07:54:00', '12:02:00', '2019-03-18', 'interdum in ante vestibulum ante'),
(467, 12, 5, 1, '08:18:00', '12:01:00', '2019-03-18', 'in eleifend quam a odio in hac habitasse platea dictumst'),
(468, 13, 3, 5, '07:33:00', '12:07:00', '2019-03-18', 'nulla ultrices aliquet maecenas leo odio condimentum id luctus'),
(469, 14, 1, 1, '08:12:00', '12:25:00', '2019-03-18', 'ac diam cras pellentesque volutpat dui maecenas'),
(470, 15, 4, 1, '07:33:00', '12:16:00', '2019-03-18', 'sollicitudin mi sit amet lobortis'),
(471, 16, 1, 3, '07:48:00', '12:14:00', '2019-03-18', 'tellus nisi eu orci mauris'),
(472, 17, 4, 1, '09:13:00', '12:12:00', '2019-03-18', 'posuere metus vitae ipsum aliquam non'),
(473, 18, 1, 1, '09:27:00', '12:19:00', '2019-03-18', 'sed sagittis nam congue risus semper porta volutpat quam'),
(474, 19, 3, 1, '08:35:00', '12:24:00', '2019-03-18', 'integer a nibh in quis justo maecenas rhoncus aliquam'),
(475, 20, 5, 1, '08:51:00', '12:04:00', '2019-03-18', 'fringilla rhoncus mauris enim leo rhoncus sed vestibulum sit amet'),
(476, 21, 4, 1, '09:13:00', '12:08:00', '2019-03-18', 'ridiculus mus vivamus vestibulum sagittis sapien'),
(477, 22, 1, 4, '08:27:00', '12:04:00', '2019-03-18', 'dolor vel est donec odio justo sollicitudin ut suscipit'),
(478, 23, 3, 1, '07:56:00', '12:21:00', '2019-03-18', 'et magnis dis parturient montes nascetur ridiculus mus etiam'),
(479, 24, 1, 1, '09:02:00', '12:26:00', '2019-03-18', 'tempus vel pede morbi porttitor lorem id ligula suspendisse ornare'),
(480, 25, 1, 1, '08:18:00', '12:17:00', '2019-03-18', 'viverra pede ac diam cras'),
(481, 26, 5, 1, '08:41:00', '12:20:00', '2019-03-18', 'sit amet justo morbi ut odio'),
(482, 27, 2, 1, '08:09:00', '12:22:00', '2019-03-18', 'convallis nunc proin at turpis a pede');
INSERT INTO `timesheets_timesheet` (`timesheet_id`, `user_id`, `project_id`, `activity_id`, `time_in`, `time_out`, `date`, `note`) VALUES
(483, 28, 3, 1, '08:41:00', '12:09:00', '2019-03-18', 'morbi vestibulum velit id pretium iaculis diam erat fermentum justo'),
(484, 29, 5, 1, '09:05:00', '12:10:00', '2019-03-18', 'nunc nisl duis bibendum felis sed'),
(485, 30, 3, 1, '08:57:00', '12:18:00', '2019-03-18', 'augue aliquam erat volutpat in congue etiam justo etiam pretium'),
(486, 31, 3, 1, '09:05:00', '12:25:00', '2019-03-18', 'faucibus orci luctus et ultrices posuere cubilia curae'),
(487, 32, 1, 1, '07:40:00', '12:15:00', '2019-03-18', 'eleifend donec ut dolor morbi vel lectus in quam fringilla'),
(488, 33, 4, 1, '07:36:00', '12:24:00', '2019-03-18', 'felis eu sapien cursus vestibulum proin eu'),
(489, 34, 4, 1, '08:03:00', '12:23:00', '2019-03-18', 'bibendum felis sed interdum venenatis turpis enim blandit mi'),
(490, 35, 3, 1, '08:18:00', '12:05:00', '2019-03-18', 'ut ultrices vel augue vestibulum ante ipsum primis in faucibus'),
(491, 1, 1, 1, '08:26:00', '12:28:00', '2019-03-19', 'massa quis augue luctus tincidunt nulla mollis molestie lorem'),
(492, 2, 4, 1, '08:28:00', '12:21:00', '2019-03-19', 'vulputate nonummy maecenas tincidunt lacus at velit'),
(493, 3, 3, 3, '07:31:00', '12:18:00', '2019-03-19', 'odio cras mi pede malesuada'),
(494, 4, 4, 1, '09:28:00', '12:05:00', '2019-03-19', 'porttitor id consequat in consequat ut nulla sed accumsan'),
(495, 5, 2, 1, '08:08:00', '12:23:00', '2019-03-19', 'etiam justo etiam pretium iaculis justo in'),
(496, 6, 2, 1, '07:44:00', '12:00:00', '2019-03-19', 'orci vehicula condimentum curabitur in libero ut massa'),
(497, 7, 5, 1, '08:29:00', '12:06:00', '2019-03-19', 'mi in porttitor pede justo eu massa donec dapibus'),
(498, 8, 1, 1, '07:58:00', '12:29:00', '2019-03-19', 'erat eros viverra eget congue eget'),
(499, 9, 3, 1, '08:58:00', '12:09:00', '2019-03-19', 'diam nam tristique tortor eu'),
(500, 10, 5, 1, '08:49:00', '12:20:00', '2019-03-19', 'ultrices erat tortor sollicitudin mi sit amet lobortis'),
(501, 11, 5, 5, '07:53:00', '12:13:00', '2019-03-19', 'sed tincidunt eu felis fusce'),
(502, 12, 3, 1, '07:43:00', '12:07:00', '2019-03-19', 'vehicula consequat morbi a ipsum integer a nibh in'),
(503, 13, 1, 5, '08:18:00', '12:11:00', '2019-03-19', 'amet nulla quisque arcu libero rutrum ac lobortis vel dapibus'),
(504, 14, 1, 1, '07:46:00', '12:10:00', '2019-03-19', 'vestibulum sed magna at nunc commodo placerat'),
(505, 15, 1, 1, '07:37:00', '12:12:00', '2019-03-19', 'eget massa tempor convallis nulla'),
(506, 16, 3, 1, '07:31:00', '12:00:00', '2019-03-19', 'sapien dignissim vestibulum vestibulum ante ipsum primis in'),
(507, 17, 4, 1, '08:28:00', '12:17:00', '2019-03-19', 'at diam nam tristique tortor'),
(508, 18, 3, 1, '07:54:00', '12:12:00', '2019-03-19', 'varius ut blandit non interdum in ante vestibulum ante ipsum'),
(509, 19, 3, 1, '09:03:00', '12:11:00', '2019-03-19', 'phasellus in felis donec semper sapien a libero nam dui'),
(510, 20, 4, 1, '09:09:00', '12:10:00', '2019-03-19', 'erat nulla tempus vivamus in felis'),
(511, 21, 5, 1, '07:40:00', '12:07:00', '2019-03-19', 'non quam nec dui luctus rutrum nulla tellus'),
(512, 22, 4, 1, '08:26:00', '12:21:00', '2019-03-19', 'risus dapibus augue vel accumsan tellus'),
(513, 23, 1, 4, '08:41:00', '12:02:00', '2019-03-19', 'in tempus sit amet sem'),
(514, 24, 5, 1, '09:17:00', '12:06:00', '2019-03-19', 'blandit ultrices enim lorem ipsum dolor sit amet consectetuer adipiscing'),
(515, 25, 3, 1, '07:53:00', '12:10:00', '2019-03-19', 'potenti nullam porttitor lacus at turpis donec posuere'),
(516, 26, 3, 1, '08:24:00', '12:08:00', '2019-03-19', 'orci luctus et ultrices posuere cubilia curae donec pharetra'),
(517, 27, 1, 1, '08:59:00', '12:23:00', '2019-03-19', 'mi nulla ac enim in tempor turpis'),
(518, 28, 3, 1, '08:59:00', '12:04:00', '2019-03-19', 'vulputate justo in blandit ultrices enim lorem ipsum dolor'),
(519, 29, 1, 4, '08:23:00', '12:26:00', '2019-03-19', 'tincidunt ante vel ipsum praesent'),
(520, 30, 4, 1, '07:56:00', '12:09:00', '2019-03-19', 'quis orci nullam molestie nibh in'),
(521, 31, 2, 3, '08:56:00', '12:06:00', '2019-03-19', 'eleifend pede libero quis orci nullam molestie nibh in'),
(522, 32, 5, 1, '08:52:00', '12:12:00', '2019-03-19', 'quam suspendisse potenti nullam porttitor'),
(523, 33, 5, 1, '08:09:00', '12:26:00', '2019-03-19', 'montes nascetur ridiculus mus etiam vel augue vestibulum rutrum'),
(524, 34, 1, 1, '08:02:00', '12:08:00', '2019-03-19', 'nibh fusce lacus purus aliquet at feugiat non pretium quis'),
(525, 35, 4, 1, '08:30:00', '12:28:00', '2019-03-19', 'sodales scelerisque mauris sit amet'),
(526, 1, 2, 1, '09:18:00', '12:28:00', '2019-03-20', 'amet eros suspendisse accumsan tortor quis turpis sed ante vivamus'),
(527, 2, 3, 1, '09:01:00', '12:19:00', '2019-03-20', 'quis turpis eget elit sodales scelerisque mauris'),
(528, 3, 2, 1, '09:10:00', '12:20:00', '2019-03-20', 'a ipsum integer a nibh in'),
(529, 4, 5, 1, '08:51:00', '12:20:00', '2019-03-20', 'auctor sed tristique in tempus sit'),
(530, 5, 4, 1, '08:15:00', '12:07:00', '2019-03-20', 'sit amet sapien dignissim vestibulum vestibulum ante ipsum primis in'),
(531, 6, 5, 1, '08:38:00', '12:28:00', '2019-03-20', 'lorem id ligula suspendisse ornare consequat lectus'),
(532, 7, 3, 1, '09:00:00', '12:03:00', '2019-03-20', 'aenean fermentum donec ut mauris eget massa tempor'),
(533, 8, 3, 1, '07:31:00', '12:27:00', '2019-03-20', 'mattis nibh ligula nec sem duis aliquam convallis'),
(534, 9, 1, 1, '07:43:00', '12:09:00', '2019-03-20', 'integer non velit donec diam neque vestibulum eget vulputate'),
(535, 10, 2, 1, '08:50:00', '12:05:00', '2019-03-20', 'a libero nam dui proin leo odio porttitor'),
(536, 11, 1, 1, '08:17:00', '12:03:00', '2019-03-20', 'amet erat nulla tempus vivamus in felis eu sapien cursus'),
(537, 12, 1, 1, '08:23:00', '12:22:00', '2019-03-20', 'pulvinar lobortis est phasellus sit amet erat nulla tempus vivamus'),
(538, 13, 2, 1, '07:55:00', '12:21:00', '2019-03-20', 'eros vestibulum ac est lacinia nisi venenatis tristique fusce'),
(539, 14, 3, 1, '08:31:00', '12:07:00', '2019-03-20', 'semper interdum mauris ullamcorper purus sit amet nulla quisque arcu'),
(540, 15, 2, 1, '08:53:00', '12:11:00', '2019-03-20', 'nascetur ridiculus mus etiam vel'),
(541, 16, 3, 1, '09:26:00', '12:01:00', '2019-03-20', 'mauris ullamcorper purus sit amet'),
(542, 17, 1, 1, '08:33:00', '12:06:00', '2019-03-20', 'quam suspendisse potenti nullam porttitor lacus at turpis donec'),
(543, 18, 4, 3, '08:13:00', '12:27:00', '2019-03-20', 'neque sapien placerat ante nulla justo aliquam quis turpis'),
(544, 19, 5, 1, '08:13:00', '12:18:00', '2019-03-20', 'odio odio elementum eu interdum'),
(545, 20, 3, 1, '08:12:00', '12:00:00', '2019-03-20', 'eget elit sodales scelerisque mauris sit amet'),
(546, 21, 5, 1, '08:03:00', '12:28:00', '2019-03-20', 'sapien dignissim vestibulum vestibulum ante ipsum primis in faucibus orci'),
(547, 22, 1, 1, '08:48:00', '12:01:00', '2019-03-20', 'phasellus sit amet erat nulla tempus vivamus in felis'),
(548, 23, 4, 1, '08:33:00', '12:19:00', '2019-03-20', 'eget massa tempor convallis nulla neque'),
(549, 24, 4, 1, '09:21:00', '12:09:00', '2019-03-20', 'nunc purus phasellus in felis'),
(550, 25, 1, 2, '09:12:00', '12:25:00', '2019-03-20', 'imperdiet sapien urna pretium nisl'),
(551, 26, 2, 1, '09:12:00', '12:10:00', '2019-03-20', 'tempus vivamus in felis eu sapien cursus vestibulum'),
(552, 27, 2, 1, '09:07:00', '12:02:00', '2019-03-20', 'purus sit amet nulla quisque arcu libero rutrum ac'),
(553, 28, 2, 1, '08:21:00', '12:09:00', '2019-03-20', 'lacus at turpis donec posuere'),
(554, 29, 5, 1, '08:37:00', '12:18:00', '2019-03-20', 'elementum eu interdum eu tincidunt in leo maecenas pulvinar'),
(555, 30, 1, 1, '08:34:00', '12:28:00', '2019-03-20', 'dictumst morbi vestibulum velit id pretium iaculis diam erat'),
(556, 31, 3, 4, '08:43:00', '12:07:00', '2019-03-20', 'et tempus semper est quam pharetra magna ac'),
(557, 32, 2, 1, '09:27:00', '12:19:00', '2019-03-20', 'vehicula condimentum curabitur in libero ut massa volutpat'),
(558, 33, 3, 4, '08:36:00', '12:12:00', '2019-03-20', 'convallis nunc proin at turpis'),
(559, 34, 3, 1, '07:34:00', '12:06:00', '2019-03-20', 'vitae consectetuer eget rutrum at'),
(560, 35, 3, 1, '08:54:00', '12:15:00', '2019-03-20', 'sed nisl nunc rhoncus dui vel sem'),
(561, 1, 4, 1, '07:31:00', '12:25:00', '2019-03-21', 'gravida sem praesent id massa'),
(562, 2, 1, 1, '09:29:00', '12:01:00', '2019-03-21', 'maecenas tincidunt lacus at velit vivamus vel nulla'),
(563, 3, 2, 4, '09:25:00', '12:12:00', '2019-03-21', 'dui vel sem sed sagittis nam congue risus'),
(564, 4, 1, 1, '08:26:00', '12:10:00', '2019-03-21', 'sollicitudin ut suscipit a feugiat et'),
(565, 5, 2, 4, '08:55:00', '12:15:00', '2019-03-21', 'vel est donec odio justo'),
(566, 6, 2, 1, '09:18:00', '12:15:00', '2019-03-21', 'consequat lectus in est risus'),
(567, 7, 1, 1, '07:48:00', '12:26:00', '2019-03-21', 'tempor turpis nec euismod scelerisque quam turpis adipiscing lorem'),
(568, 8, 2, 1, '08:11:00', '12:19:00', '2019-03-21', 'congue diam id ornare imperdiet sapien urna pretium nisl'),
(569, 9, 5, 1, '08:19:00', '12:00:00', '2019-03-21', 'cubilia curae donec pharetra magna vestibulum aliquet'),
(570, 10, 2, 1, '08:54:00', '12:09:00', '2019-03-21', 'augue vel accumsan tellus nisi eu orci mauris lacinia sapien'),
(571, 11, 4, 3, '09:26:00', '12:08:00', '2019-03-21', 'in porttitor pede justo eu massa'),
(572, 12, 1, 1, '09:20:00', '12:23:00', '2019-03-21', 'amet eros suspendisse accumsan tortor quis turpis sed ante'),
(573, 13, 1, 1, '07:49:00', '12:27:00', '2019-03-21', 'platea dictumst morbi vestibulum velit id pretium iaculis diam erat'),
(574, 14, 5, 1, '09:06:00', '12:22:00', '2019-03-21', 'arcu libero rutrum ac lobortis vel dapibus at diam'),
(575, 15, 2, 1, '09:29:00', '12:15:00', '2019-03-21', 'turpis integer aliquet massa id lobortis convallis tortor risus dapibus'),
(576, 16, 4, 1, '08:26:00', '12:25:00', '2019-03-21', 'suscipit nulla elit ac nulla sed vel'),
(577, 17, 1, 1, '09:09:00', '12:23:00', '2019-03-21', 'lobortis ligula sit amet eleifend pede libero'),
(578, 18, 3, 1, '08:04:00', '12:00:00', '2019-03-21', 'augue luctus tincidunt nulla mollis molestie lorem quisque'),
(579, 19, 5, 1, '07:44:00', '12:26:00', '2019-03-21', 'turpis a pede posuere nonummy integer'),
(580, 20, 3, 1, '09:24:00', '12:24:00', '2019-03-21', 'condimentum id luctus nec molestie sed justo pellentesque viverra pede'),
(581, 21, 1, 1, '09:16:00', '12:15:00', '2019-03-21', 'non lectus aliquam sit amet diam in magna bibendum imperdiet'),
(582, 22, 2, 1, '08:48:00', '12:13:00', '2019-03-21', 'nisi venenatis tristique fusce congue diam id ornare imperdiet sapien'),
(583, 23, 1, 5, '08:25:00', '12:01:00', '2019-03-21', 'orci nullam molestie nibh in lectus pellentesque at nulla'),
(584, 24, 3, 1, '08:28:00', '12:27:00', '2019-03-21', 'praesent id massa id nisl venenatis lacinia aenean sit'),
(585, 25, 2, 1, '07:51:00', '12:18:00', '2019-03-21', 'libero rutrum ac lobortis vel dapibus at'),
(586, 26, 1, 1, '07:59:00', '12:23:00', '2019-03-21', 'venenatis turpis enim blandit mi in porttitor'),
(587, 27, 1, 1, '08:08:00', '12:16:00', '2019-03-21', 'luctus et ultrices posuere cubilia curae donec pharetra magna'),
(588, 28, 3, 1, '08:05:00', '12:12:00', '2019-03-21', 'ultrices aliquet maecenas leo odio condimentum id luctus'),
(589, 29, 5, 1, '07:49:00', '12:01:00', '2019-03-21', 'sollicitudin vitae consectetuer eget rutrum at lorem integer'),
(590, 30, 4, 1, '09:22:00', '12:12:00', '2019-03-21', 'lectus suspendisse potenti in eleifend quam a odio'),
(591, 31, 1, 1, '07:31:00', '12:13:00', '2019-03-21', 'tempus vel pede morbi porttitor lorem id ligula suspendisse'),
(592, 32, 2, 3, '09:24:00', '12:05:00', '2019-03-21', 'duis faucibus accumsan odio curabitur'),
(593, 33, 4, 1, '07:57:00', '12:18:00', '2019-03-21', 'luctus et ultrices posuere cubilia'),
(594, 34, 5, 1, '07:54:00', '12:09:00', '2019-03-21', 'vel dapibus at diam nam'),
(595, 35, 2, 1, '08:55:00', '12:18:00', '2019-03-21', 'pede lobortis ligula sit amet eleifend pede libero'),
(596, 1, 3, 1, '07:42:00', '12:14:00', '2019-03-22', 'justo etiam pretium iaculis justo'),
(597, 2, 4, 1, '08:08:00', '12:15:00', '2019-03-22', 'at dolor quis odio consequat varius integer ac'),
(598, 3, 2, 4, '08:07:00', '12:10:00', '2019-03-22', 'et ultrices posuere cubilia curae nulla'),
(599, 4, 1, 1, '08:46:00', '12:19:00', '2019-03-22', 'mauris vulputate elementum nullam varius nulla facilisi cras non velit'),
(600, 5, 4, 1, '08:54:00', '12:27:00', '2019-03-22', 'montes nascetur ridiculus mus vivamus vestibulum sagittis sapien cum sociis'),
(601, 6, 4, 1, '08:08:00', '12:26:00', '2019-03-22', 'enim blandit mi in porttitor pede justo eu massa'),
(602, 7, 3, 1, '08:39:00', '12:17:00', '2019-03-22', 'quisque id justo sit amet'),
(603, 8, 2, 1, '08:28:00', '12:09:00', '2019-03-22', 'quam fringilla rhoncus mauris enim leo rhoncus'),
(604, 9, 2, 1, '07:42:00', '12:25:00', '2019-03-22', 'ante ipsum primis in faucibus'),
(605, 10, 4, 1, '08:16:00', '12:16:00', '2019-03-22', 'laoreet ut rhoncus aliquet pulvinar sed'),
(606, 11, 2, 1, '08:08:00', '12:00:00', '2019-03-22', 'nibh in quis justo maecenas rhoncus aliquam lacus'),
(607, 12, 1, 1, '08:05:00', '12:15:00', '2019-03-22', 'odio donec vitae nisi nam ultrices libero non'),
(608, 13, 4, 1, '07:58:00', '12:07:00', '2019-03-22', 'mattis nibh ligula nec sem'),
(609, 14, 1, 2, '08:48:00', '12:00:00', '2019-03-22', 'pellentesque volutpat dui maecenas tristique est et tempus'),
(610, 15, 1, 3, '07:41:00', '12:20:00', '2019-03-22', 'semper porta volutpat quam pede'),
(611, 16, 4, 1, '09:08:00', '12:20:00', '2019-03-22', 'id nisl venenatis lacinia aenean'),
(612, 17, 4, 1, '09:22:00', '12:13:00', '2019-03-22', 'donec quis orci eget orci'),
(613, 18, 5, 1, '08:29:00', '12:02:00', '2019-03-22', 'volutpat in congue etiam justo'),
(614, 19, 5, 1, '08:20:00', '12:06:00', '2019-03-22', 'curae donec pharetra magna vestibulum aliquet'),
(615, 20, 2, 1, '08:39:00', '12:20:00', '2019-03-22', 'pellentesque at nulla suspendisse potenti cras in purus eu magna'),
(616, 21, 3, 1, '07:38:00', '12:14:00', '2019-03-22', 'primis in faucibus orci luctus'),
(617, 22, 2, 2, '08:25:00', '12:09:00', '2019-03-22', 'volutpat dui maecenas tristique est et tempus semper est'),
(618, 23, 1, 1, '08:40:00', '12:19:00', '2019-03-22', 'nec sem duis aliquam convallis'),
(619, 24, 2, 1, '07:54:00', '12:17:00', '2019-03-22', 'nisi at nibh in hac habitasse platea dictumst aliquam augue'),
(620, 25, 3, 1, '09:10:00', '12:14:00', '2019-03-22', 'lacinia aenean sit amet justo morbi ut odio cras'),
(621, 26, 2, 3, '08:04:00', '12:28:00', '2019-03-22', 'mattis egestas metus aenean fermentum donec'),
(622, 27, 3, 1, '09:20:00', '12:28:00', '2019-03-22', 'consequat ut nulla sed accumsan'),
(623, 28, 3, 1, '07:55:00', '12:01:00', '2019-03-22', 'cubilia curae duis faucibus accumsan odio curabitur convallis'),
(624, 29, 2, 1, '08:31:00', '12:23:00', '2019-03-22', 'posuere metus vitae ipsum aliquam'),
(625, 30, 3, 1, '09:22:00', '12:13:00', '2019-03-22', 'neque vestibulum eget vulputate ut ultrices vel'),
(626, 31, 3, 1, '09:23:00', '12:04:00', '2019-03-22', 'quam pharetra magna ac consequat metus sapien ut nunc'),
(627, 32, 3, 1, '08:50:00', '12:27:00', '2019-03-22', 'fermentum justo nec condimentum neque'),
(628, 33, 5, 1, '07:58:00', '12:10:00', '2019-03-22', 'amet consectetuer adipiscing elit proin risus praesent lectus vestibulum'),
(629, 34, 2, 5, '07:42:00', '12:20:00', '2019-03-22', 'fermentum justo nec condimentum neque sapien placerat ante nulla'),
(630, 35, 1, 1, '08:13:00', '12:20:00', '2019-03-22', 'nec molestie sed justo pellentesque viverra'),
(631, 1, 5, 1, '08:46:00', '12:04:00', '2019-03-25', 'hac habitasse platea dictumst aliquam augue quam sollicitudin vitae'),
(632, 2, 5, 2, '07:40:00', '12:20:00', '2019-03-25', 'sociis natoque penatibus et magnis dis parturient montes nascetur ridiculus'),
(633, 3, 5, 1, '08:32:00', '12:20:00', '2019-03-25', 'integer aliquet massa id lobortis convallis tortor'),
(634, 4, 5, 1, '08:42:00', '12:15:00', '2019-03-25', 'hac habitasse platea dictumst etiam'),
(635, 5, 3, 1, '09:05:00', '12:25:00', '2019-03-25', 'odio porttitor id consequat in consequat'),
(636, 6, 4, 1, '08:14:00', '12:12:00', '2019-03-25', 'etiam justo etiam pretium iaculis justo in hac'),
(637, 7, 2, 1, '09:04:00', '12:17:00', '2019-03-25', 'amet nunc viverra dapibus nulla suscipit ligula in lacus curabitur'),
(638, 8, 3, 1, '08:02:00', '12:21:00', '2019-03-25', 'cras mi pede malesuada in imperdiet et commodo vulputate justo'),
(639, 9, 1, 1, '08:20:00', '12:12:00', '2019-03-25', 'in quam fringilla rhoncus mauris enim leo rhoncus sed vestibulum'),
(640, 10, 2, 1, '08:14:00', '12:08:00', '2019-03-25', 'ut erat id mauris vulputate elementum nullam varius'),
(641, 11, 1, 4, '09:18:00', '12:11:00', '2019-03-25', 'sed tincidunt eu felis fusce posuere felis sed lacus'),
(642, 12, 3, 1, '08:12:00', '12:29:00', '2019-03-25', 'eu nibh quisque id justo sit amet sapien dignissim vestibulum'),
(643, 13, 5, 1, '07:44:00', '12:14:00', '2019-03-25', 'in tempor turpis nec euismod scelerisque quam'),
(644, 14, 3, 1, '08:12:00', '12:11:00', '2019-03-25', 'amet lobortis sapien sapien non'),
(645, 15, 1, 1, '07:40:00', '12:20:00', '2019-03-25', 'amet diam in magna bibendum imperdiet nullam orci'),
(646, 16, 2, 3, '08:52:00', '12:04:00', '2019-03-25', 'non quam nec dui luctus rutrum'),
(647, 17, 4, 1, '08:26:00', '12:05:00', '2019-03-25', 'eu mi nulla ac enim'),
(648, 18, 2, 1, '08:08:00', '12:07:00', '2019-03-25', 'diam nam tristique tortor eu'),
(649, 19, 1, 1, '07:36:00', '12:13:00', '2019-03-25', 'condimentum id luctus nec molestie sed justo pellentesque viverra pede'),
(650, 20, 2, 1, '07:34:00', '12:29:00', '2019-03-25', 'et commodo vulputate justo in blandit ultrices enim lorem'),
(651, 21, 3, 1, '08:08:00', '12:00:00', '2019-03-25', 'dapibus nulla suscipit ligula in lacus curabitur'),
(652, 22, 2, 1, '08:55:00', '12:27:00', '2019-03-25', 'lacinia sapien quis libero nullam sit'),
(653, 23, 1, 5, '09:11:00', '12:14:00', '2019-03-25', 'vivamus metus arcu adipiscing molestie hendrerit'),
(654, 24, 5, 1, '08:57:00', '12:25:00', '2019-03-25', 'felis donec semper sapien a libero nam dui'),
(655, 25, 5, 1, '08:48:00', '12:22:00', '2019-03-25', 'elementum pellentesque quisque porta volutpat erat quisque erat eros viverra'),
(656, 26, 3, 1, '09:08:00', '12:05:00', '2019-03-25', 'nulla facilisi cras non velit nec nisi'),
(657, 27, 2, 1, '08:36:00', '12:09:00', '2019-03-25', 'ultrices erat tortor sollicitudin mi sit amet lobortis sapien sapien'),
(658, 28, 3, 3, '08:42:00', '12:21:00', '2019-03-25', 'accumsan odio curabitur convallis duis consequat dui'),
(659, 29, 2, 1, '08:51:00', '12:11:00', '2019-03-25', 'potenti in eleifend quam a odio'),
(660, 30, 5, 1, '08:19:00', '12:12:00', '2019-03-25', 'est congue elementum in hac habitasse platea dictumst'),
(661, 31, 2, 1, '08:07:00', '12:27:00', '2019-03-25', 'fermentum justo nec condimentum neque sapien'),
(662, 32, 4, 1, '09:26:00', '12:03:00', '2019-03-25', 'congue elementum in hac habitasse platea dictumst morbi vestibulum velit'),
(663, 33, 3, 1, '07:37:00', '12:15:00', '2019-03-25', 'molestie lorem quisque ut erat curabitur'),
(664, 34, 5, 1, '08:01:00', '12:20:00', '2019-03-25', 'suspendisse potenti in eleifend quam a odio in hac'),
(665, 35, 5, 1, '08:25:00', '12:03:00', '2019-03-25', 'lacus at turpis donec posuere metus vitae ipsum aliquam non'),
(666, 1, 3, 1, '08:20:00', '12:22:00', '2019-03-26', 'vel nulla eget eros elementum pellentesque quisque porta'),
(667, 2, 1, 1, '07:31:00', '12:16:00', '2019-03-26', 'erat quisque erat eros viverra eget congue'),
(668, 3, 5, 1, '07:50:00', '12:16:00', '2019-03-26', 'sociis natoque penatibus et magnis dis'),
(669, 4, 2, 1, '08:41:00', '12:01:00', '2019-03-26', 'non mi integer ac neque duis bibendum morbi'),
(670, 5, 2, 1, '08:33:00', '12:29:00', '2019-03-26', 'gravida nisi at nibh in hac habitasse platea dictumst'),
(671, 6, 1, 1, '08:05:00', '12:02:00', '2019-03-26', 'at nulla suspendisse potenti cras in purus eu magna'),
(672, 7, 2, 1, '09:20:00', '12:16:00', '2019-03-26', 'pede morbi porttitor lorem id ligula suspendisse ornare consequat'),
(673, 8, 5, 1, '07:54:00', '12:18:00', '2019-03-26', 'cum sociis natoque penatibus et magnis dis'),
(674, 9, 5, 1, '08:56:00', '12:22:00', '2019-03-26', 'dapibus dolor vel est donec odio justo sollicitudin'),
(675, 10, 4, 1, '09:15:00', '12:24:00', '2019-03-26', 'nec condimentum neque sapien placerat ante nulla justo'),
(676, 11, 5, 1, '07:56:00', '12:26:00', '2019-03-26', 'donec diam neque vestibulum eget vulputate ut ultrices'),
(677, 12, 2, 1, '09:24:00', '12:14:00', '2019-03-26', 'nulla eget eros elementum pellentesque quisque porta volutpat erat'),
(678, 13, 3, 1, '07:44:00', '12:27:00', '2019-03-26', 'platea dictumst etiam faucibus cursus urna ut tellus'),
(679, 14, 3, 1, '08:53:00', '12:19:00', '2019-03-26', 'sollicitudin vitae consectetuer eget rutrum at lorem integer'),
(680, 15, 3, 1, '08:45:00', '12:19:00', '2019-03-26', 'ut volutpat sapien arcu sed augue aliquam erat volutpat'),
(681, 16, 5, 1, '08:29:00', '12:05:00', '2019-03-26', 'massa id nisl venenatis lacinia'),
(682, 17, 3, 1, '08:32:00', '12:20:00', '2019-03-26', 'vel ipsum praesent blandit lacinia erat vestibulum sed'),
(683, 18, 3, 1, '09:23:00', '12:26:00', '2019-03-26', 'rhoncus dui vel sem sed sagittis nam congue'),
(684, 19, 3, 1, '08:10:00', '12:09:00', '2019-03-26', 'ac nibh fusce lacus purus aliquet at feugiat non pretium'),
(685, 20, 2, 1, '07:57:00', '12:21:00', '2019-03-26', 'diam in magna bibendum imperdiet'),
(686, 21, 4, 3, '07:42:00', '12:27:00', '2019-03-26', 'convallis morbi odio odio elementum eu interdum'),
(687, 22, 5, 1, '08:20:00', '12:03:00', '2019-03-26', 'blandit nam nulla integer pede justo lacinia'),
(688, 23, 2, 1, '07:41:00', '12:20:00', '2019-03-26', 'turpis a pede posuere nonummy integer non'),
(689, 24, 1, 4, '08:43:00', '12:01:00', '2019-03-26', 'curae duis faucibus accumsan odio curabitur convallis duis consequat'),
(690, 25, 2, 1, '07:38:00', '12:13:00', '2019-03-26', 'suspendisse ornare consequat lectus in est risus auctor'),
(691, 26, 1, 1, '08:44:00', '12:17:00', '2019-03-26', 'arcu libero rutrum ac lobortis vel'),
(692, 27, 5, 4, '08:18:00', '12:12:00', '2019-03-26', 'rhoncus mauris enim leo rhoncus sed vestibulum sit amet'),
(693, 28, 3, 1, '09:21:00', '12:14:00', '2019-03-26', 'diam in magna bibendum imperdiet nullam orci pede'),
(694, 29, 5, 1, '07:58:00', '12:18:00', '2019-03-26', 'accumsan tellus nisi eu orci mauris lacinia sapien quis libero'),
(695, 30, 1, 1, '08:13:00', '12:01:00', '2019-03-26', 'fermentum donec ut mauris eget massa'),
(696, 31, 2, 1, '07:33:00', '12:18:00', '2019-03-26', 'vel augue vestibulum ante ipsum'),
(697, 32, 2, 1, '07:54:00', '12:17:00', '2019-03-26', 'vel nulla eget eros elementum pellentesque quisque porta'),
(698, 33, 3, 1, '09:28:00', '12:22:00', '2019-03-26', 'in quis justo maecenas rhoncus aliquam lacus morbi quis tortor'),
(699, 34, 3, 1, '09:17:00', '12:13:00', '2019-03-26', 'amet erat nulla tempus vivamus in felis eu'),
(700, 35, 1, 2, '09:00:00', '12:02:00', '2019-03-26', 'libero nam dui proin leo odio'),
(701, 1, 5, 1, '08:52:00', '12:08:00', '2019-03-27', 'viverra eget congue eget semper rutrum nulla nunc purus phasellus'),
(702, 2, 1, 1, '07:57:00', '12:14:00', '2019-03-27', 'lobortis ligula sit amet eleifend pede libero quis'),
(703, 3, 2, 1, '09:20:00', '12:11:00', '2019-03-27', 'arcu sed augue aliquam erat volutpat in congue etiam'),
(704, 4, 4, 1, '08:41:00', '12:01:00', '2019-03-27', 'vulputate vitae nisl aenean lectus pellentesque eget nunc donec'),
(705, 5, 2, 1, '07:47:00', '12:14:00', '2019-03-27', 'ac est lacinia nisi venenatis tristique'),
(706, 6, 1, 2, '08:30:00', '12:29:00', '2019-03-27', 'mauris non ligula pellentesque ultrices phasellus id sapien in sapien'),
(707, 7, 1, 4, '08:46:00', '12:23:00', '2019-03-27', 'ligula nec sem duis aliquam convallis nunc proin at'),
(708, 8, 4, 1, '07:44:00', '12:09:00', '2019-03-27', 'purus phasellus in felis donec semper sapien'),
(709, 9, 3, 1, '07:42:00', '12:19:00', '2019-03-27', 'cras in purus eu magna vulputate luctus cum'),
(710, 10, 4, 1, '09:06:00', '12:11:00', '2019-03-27', 'ante vivamus tortor duis mattis egestas metus aenean'),
(711, 11, 3, 1, '07:37:00', '12:08:00', '2019-03-27', 'lacus morbi sem mauris laoreet ut rhoncus'),
(712, 12, 3, 1, '08:51:00', '12:29:00', '2019-03-27', 'fusce consequat nulla nisl nunc nisl duis bibendum felis'),
(713, 13, 3, 1, '07:31:00', '12:12:00', '2019-03-27', 'nibh in hac habitasse platea dictumst aliquam'),
(714, 14, 5, 1, '08:01:00', '12:29:00', '2019-03-27', 'orci luctus et ultrices posuere cubilia curae donec pharetra magna'),
(715, 15, 2, 1, '07:56:00', '12:29:00', '2019-03-27', 'quam pharetra magna ac consequat'),
(716, 16, 3, 1, '07:48:00', '12:17:00', '2019-03-27', 'est donec odio justo sollicitudin'),
(717, 17, 2, 1, '08:06:00', '12:25:00', '2019-03-27', 'morbi odio odio elementum eu interdum eu tincidunt'),
(718, 18, 1, 1, '07:44:00', '12:14:00', '2019-03-27', 'varius integer ac leo pellentesque ultrices mattis'),
(719, 19, 1, 1, '08:06:00', '12:25:00', '2019-03-27', 'felis eu sapien cursus vestibulum proin eu mi nulla ac'),
(720, 20, 2, 1, '09:05:00', '12:05:00', '2019-03-27', 'luctus cum sociis natoque penatibus et magnis'),
(721, 21, 2, 1, '08:35:00', '12:28:00', '2019-03-27', 'mauris viverra diam vitae quam suspendisse potenti nullam porttitor lacus'),
(722, 22, 2, 1, '08:37:00', '12:16:00', '2019-03-27', 'in hac habitasse platea dictumst'),
(723, 23, 3, 1, '09:04:00', '12:00:00', '2019-03-27', 'turpis nec euismod scelerisque quam turpis adipiscing lorem vitae'),
(724, 24, 5, 1, '09:27:00', '12:18:00', '2019-03-27', 'purus phasellus in felis donec semper sapien a libero nam'),
(725, 25, 4, 1, '08:34:00', '12:16:00', '2019-03-27', 'non interdum in ante vestibulum ante ipsum'),
(726, 26, 5, 1, '09:28:00', '12:02:00', '2019-03-27', 'aliquet ultrices erat tortor sollicitudin mi sit amet lobortis sapien'),
(727, 27, 4, 1, '07:33:00', '12:04:00', '2019-03-27', 'velit id pretium iaculis diam erat fermentum justo'),
(728, 28, 4, 1, '09:24:00', '12:10:00', '2019-03-27', 'ac diam cras pellentesque volutpat dui maecenas tristique'),
(729, 29, 2, 1, '08:44:00', '12:05:00', '2019-03-27', 'hac habitasse platea dictumst etiam faucibus cursus urna'),
(730, 30, 4, 1, '08:19:00', '12:06:00', '2019-03-27', 'sem mauris laoreet ut rhoncus aliquet pulvinar sed nisl nunc'),
(731, 31, 5, 1, '08:47:00', '12:14:00', '2019-03-27', 'sapien quis libero nullam sit amet turpis'),
(732, 32, 5, 1, '09:15:00', '12:13:00', '2019-03-27', 'luctus ultricies eu nibh quisque id justo sit amet'),
(733, 33, 2, 1, '08:39:00', '12:21:00', '2019-03-27', 'vivamus in felis eu sapien'),
(734, 34, 4, 5, '08:26:00', '12:04:00', '2019-03-27', 'mi nulla ac enim in tempor'),
(735, 35, 5, 3, '09:26:00', '12:24:00', '2019-03-27', 'velit vivamus vel nulla eget eros'),
(736, 1, 3, 1, '08:39:00', '12:20:00', '2019-03-28', 'ante vel ipsum praesent blandit lacinia erat vestibulum sed'),
(737, 2, 1, 2, '08:42:00', '12:21:00', '2019-03-28', 'eu magna vulputate luctus cum sociis natoque'),
(738, 3, 1, 2, '08:42:00', '12:24:00', '2019-03-28', 'lobortis convallis tortor risus dapibus augue vel accumsan tellus'),
(739, 4, 4, 1, '08:19:00', '12:02:00', '2019-03-28', 'quis libero nullam sit amet'),
(740, 5, 3, 5, '07:45:00', '12:04:00', '2019-03-28', 'ante ipsum primis in faucibus orci luctus et'),
(741, 6, 3, 1, '08:16:00', '12:12:00', '2019-03-28', 'non pretium quis lectus suspendisse potenti in'),
(742, 7, 5, 1, '08:46:00', '12:05:00', '2019-03-28', 'est congue elementum in hac habitasse'),
(743, 8, 3, 1, '08:37:00', '12:16:00', '2019-03-28', 'nec sem duis aliquam convallis nunc proin at'),
(744, 9, 2, 1, '07:31:00', '12:04:00', '2019-03-28', 'congue vivamus metus arcu adipiscing'),
(745, 10, 2, 1, '09:26:00', '12:19:00', '2019-03-28', 'molestie hendrerit at vulputate vitae nisl aenean lectus pellentesque'),
(746, 11, 3, 1, '08:59:00', '12:13:00', '2019-03-28', 'cum sociis natoque penatibus et magnis dis parturient montes'),
(747, 12, 4, 4, '07:54:00', '12:00:00', '2019-03-28', 'platea dictumst morbi vestibulum velit id pretium iaculis diam erat'),
(748, 13, 4, 1, '08:09:00', '12:10:00', '2019-03-28', 'erat tortor sollicitudin mi sit amet lobortis sapien sapien'),
(749, 14, 3, 5, '07:56:00', '12:18:00', '2019-03-28', 'aliquam erat volutpat in congue etiam justo'),
(750, 15, 5, 1, '08:03:00', '12:01:00', '2019-03-28', 'consequat lectus in est risus auctor sed tristique in'),
(751, 16, 4, 1, '08:39:00', '12:08:00', '2019-03-28', 'volutpat convallis morbi odio odio'),
(752, 17, 5, 1, '08:21:00', '12:06:00', '2019-03-28', 'sem duis aliquam convallis nunc proin at turpis a'),
(753, 18, 1, 1, '08:43:00', '12:15:00', '2019-03-28', 'nisl duis ac nibh fusce lacus purus aliquet at'),
(754, 19, 3, 1, '09:06:00', '12:08:00', '2019-03-28', 'pretium quis lectus suspendisse potenti in eleifend quam a odio'),
(755, 20, 1, 1, '08:38:00', '12:20:00', '2019-03-28', 'accumsan felis ut at dolor quis odio consequat'),
(756, 21, 1, 1, '08:40:00', '12:16:00', '2019-03-28', 'potenti in eleifend quam a odio'),
(757, 22, 1, 5, '08:46:00', '12:27:00', '2019-03-28', 'adipiscing lorem vitae mattis nibh ligula nec sem duis'),
(758, 23, 2, 1, '08:56:00', '12:04:00', '2019-03-28', 'ipsum ac tellus semper interdum mauris'),
(759, 24, 2, 1, '09:00:00', '12:09:00', '2019-03-28', 'ultrices libero non mattis pulvinar nulla pede ullamcorper'),
(760, 25, 5, 1, '08:06:00', '12:08:00', '2019-03-28', 'donec posuere metus vitae ipsum aliquam non mauris'),
(761, 26, 4, 1, '08:47:00', '12:17:00', '2019-03-28', 'dignissim vestibulum vestibulum ante ipsum primis'),
(762, 27, 1, 1, '08:48:00', '12:14:00', '2019-03-28', 'mus vivamus vestibulum sagittis sapien'),
(763, 28, 2, 1, '08:19:00', '12:02:00', '2019-03-28', 'condimentum id luctus nec molestie sed'),
(764, 29, 5, 1, '08:31:00', '12:24:00', '2019-03-28', 'praesent lectus vestibulum quam sapien'),
(765, 30, 3, 1, '08:44:00', '12:07:00', '2019-03-28', 'augue luctus tincidunt nulla mollis molestie'),
(766, 31, 3, 1, '09:21:00', '12:19:00', '2019-03-28', 'erat curabitur gravida nisi at nibh in'),
(767, 32, 5, 5, '08:46:00', '12:15:00', '2019-03-28', 'mi pede malesuada in imperdiet et commodo vulputate justo'),
(768, 33, 3, 1, '09:16:00', '12:26:00', '2019-03-28', 'donec semper sapien a libero'),
(769, 34, 1, 4, '08:38:00', '12:07:00', '2019-03-28', 'sapien non mi integer ac neque duis bibendum morbi non'),
(770, 35, 2, 1, '09:19:00', '12:12:00', '2019-03-28', 'amet lobortis sapien sapien non mi integer ac'),
(771, 1, 5, 1, '13:02:00', '16:41:00', '2019-03-29', 'pellentesque quisque porta volutpat erat quisque erat'),
(772, 2, 4, 5, '13:04:00', '17:17:00', '2019-03-29', 'est phasellus sit amet erat nulla tempus'),
(773, 3, 5, 1, '12:43:00', '17:06:00', '2019-03-29', 'ut massa volutpat convallis morbi odio odio elementum'),
(774, 4, 5, 1, '13:17:00', '16:21:00', '2019-03-29', 'justo lacinia eget tincidunt eget tempus vel'),
(775, 5, 1, 2, '12:38:00', '16:35:00', '2019-03-29', 'ultrices vel augue vestibulum ante ipsum primis in'),
(776, 6, 1, 1, '12:49:00', '17:12:00', '2019-03-29', 'ligula in lacus curabitur at ipsum ac'),
(777, 7, 3, 1, '12:39:00', '15:33:00', '2019-03-29', 'curae donec pharetra magna vestibulum aliquet ultrices erat'),
(778, 8, 3, 1, '13:18:00', '17:05:00', '2019-03-29', 'neque libero convallis eget eleifend luctus ultricies eu nibh quisque'),
(779, 9, 1, 1, '12:30:00', '15:44:00', '2019-03-29', 'in leo maecenas pulvinar lobortis est'),
(780, 10, 5, 4, '13:06:00', '16:06:00', '2019-03-29', 'pede posuere nonummy integer non'),
(781, 11, 4, 1, '13:11:00', '16:51:00', '2019-03-29', 'ornare imperdiet sapien urna pretium nisl ut volutpat sapien'),
(782, 12, 2, 1, '12:55:00', '17:11:00', '2019-03-29', 'magna at nunc commodo placerat praesent blandit nam nulla integer'),
(783, 13, 2, 4, '13:11:00', '16:52:00', '2019-03-29', 'nibh in lectus pellentesque at'),
(784, 14, 1, 1, '13:04:00', '16:02:00', '2019-03-29', 'etiam justo etiam pretium iaculis justo in hac habitasse platea'),
(785, 15, 3, 1, '13:25:00', '15:37:00', '2019-03-29', 'sed tincidunt eu felis fusce posuere'),
(786, 16, 3, 1, '12:41:00', '15:44:00', '2019-03-29', 'montes nascetur ridiculus mus vivamus vestibulum sagittis sapien'),
(787, 17, 3, 1, '12:54:00', '16:11:00', '2019-03-29', 'accumsan odio curabitur convallis duis consequat dui'),
(788, 18, 1, 1, '13:04:00', '17:02:00', '2019-03-29', 'magnis dis parturient montes nascetur ridiculus mus'),
(789, 19, 3, 3, '13:18:00', '16:45:00', '2019-03-29', 'ante vivamus tortor duis mattis egestas metus aenean'),
(790, 20, 3, 2, '12:40:00', '17:15:00', '2019-03-29', 'purus aliquet at feugiat non pretium quis lectus suspendisse potenti'),
(791, 21, 4, 1, '13:07:00', '15:50:00', '2019-03-29', 'maecenas tristique est et tempus semper est quam pharetra magna'),
(792, 22, 2, 1, '13:19:00', '16:50:00', '2019-03-29', 'justo in hac habitasse platea dictumst etiam faucibus cursus urna'),
(793, 23, 3, 1, '13:18:00', '16:16:00', '2019-03-29', 'hac habitasse platea dictumst morbi vestibulum velit id pretium'),
(794, 24, 3, 3, '13:06:00', '17:16:00', '2019-03-29', 'nam nulla integer pede justo lacinia eget tincidunt'),
(795, 25, 1, 1, '12:36:00', '16:52:00', '2019-03-29', 'massa donec dapibus duis at velit eu est congue elementum'),
(796, 26, 4, 1, '13:23:00', '16:14:00', '2019-03-29', 'dapibus dolor vel est donec odio justo sollicitudin ut'),
(797, 27, 4, 2, '13:17:00', '16:45:00', '2019-03-29', 'mauris non ligula pellentesque ultrices phasellus'),
(798, 28, 1, 1, '12:47:00', '15:39:00', '2019-03-29', 'pellentesque eget nunc donec quis'),
(799, 29, 5, 1, '13:26:00', '17:19:00', '2019-03-29', 'donec vitae nisi nam ultrices libero non mattis'),
(800, 30, 5, 1, '13:23:00', '17:29:00', '2019-03-29', 'pede venenatis non sodales sed tincidunt eu'),
(801, 31, 5, 1, '12:38:00', '17:27:00', '2019-03-29', 'pellentesque eget nunc donec quis orci eget orci'),
(802, 32, 1, 1, '13:20:00', '15:44:00', '2019-03-29', 'a feugiat et eros vestibulum ac'),
(803, 33, 3, 1, '12:50:00', '16:32:00', '2019-03-29', 'etiam pretium iaculis justo in hac habitasse platea dictumst'),
(804, 34, 2, 1, '12:41:00', '17:18:00', '2019-03-29', 'tristique est et tempus semper est'),
(805, 35, 4, 5, '12:36:00', '17:02:00', '2019-03-29', 'eu est congue elementum in'),
(806, 1, 1, 1, '13:23:00', '15:33:00', '2019-03-04', 'suspendisse potenti in eleifend quam'),
(807, 2, 3, 1, '12:57:00', '16:29:00', '2019-03-04', 'dui maecenas tristique est et tempus semper'),
(808, 3, 1, 1, '13:19:00', '16:30:00', '2019-03-04', 'nulla integer pede justo lacinia eget tincidunt'),
(809, 4, 2, 1, '13:10:00', '16:01:00', '2019-03-04', 'donec ut mauris eget massa tempor convallis nulla neque'),
(810, 5, 2, 1, '13:01:00', '17:21:00', '2019-03-04', 'cum sociis natoque penatibus et magnis dis parturient montes nascetur'),
(811, 6, 5, 1, '13:20:00', '17:27:00', '2019-03-04', 'diam in magna bibendum imperdiet nullam'),
(812, 7, 3, 4, '12:44:00', '16:12:00', '2019-03-04', 'ligula in lacus curabitur at'),
(813, 8, 4, 1, '13:17:00', '16:09:00', '2019-03-04', 'vitae ipsum aliquam non mauris morbi non lectus aliquam'),
(814, 9, 4, 2, '12:47:00', '16:39:00', '2019-03-04', 'non mattis pulvinar nulla pede'),
(815, 10, 5, 1, '13:24:00', '16:10:00', '2019-03-04', 'augue quam sollicitudin vitae consectetuer'),
(816, 11, 1, 1, '13:21:00', '15:49:00', '2019-03-04', 'fusce congue diam id ornare imperdiet sapien'),
(817, 12, 2, 1, '13:25:00', '16:20:00', '2019-03-04', 'justo maecenas rhoncus aliquam lacus morbi quis tortor id nulla'),
(818, 13, 1, 1, '13:08:00', '16:42:00', '2019-03-04', 'dapibus augue vel accumsan tellus nisi eu orci mauris'),
(819, 14, 3, 2, '13:02:00', '16:11:00', '2019-03-04', 'natoque penatibus et magnis dis parturient montes nascetur ridiculus'),
(820, 15, 3, 1, '13:18:00', '16:44:00', '2019-03-04', 'vivamus in felis eu sapien cursus vestibulum proin eu'),
(821, 16, 2, 1, '12:34:00', '16:15:00', '2019-03-04', 'felis ut at dolor quis'),
(822, 17, 2, 1, '12:31:00', '17:12:00', '2019-03-04', 'eget rutrum at lorem integer tincidunt ante vel ipsum praesent'),
(823, 18, 1, 1, '13:23:00', '16:40:00', '2019-03-04', 'magna ac consequat metus sapien ut nunc vestibulum'),
(824, 19, 4, 1, '12:48:00', '17:20:00', '2019-03-04', 'volutpat erat quisque erat eros viverra eget'),
(825, 20, 1, 5, '12:36:00', '17:14:00', '2019-03-04', 'quis lectus suspendisse potenti in eleifend quam a'),
(826, 21, 4, 1, '12:36:00', '17:29:00', '2019-03-04', 'nullam varius nulla facilisi cras'),
(827, 22, 1, 1, '12:45:00', '17:01:00', '2019-03-04', 'et ultrices posuere cubilia curae donec pharetra'),
(828, 23, 2, 1, '13:00:00', '16:01:00', '2019-03-04', 'ligula in lacus curabitur at ipsum ac tellus semper'),
(829, 24, 4, 5, '12:37:00', '15:48:00', '2019-03-04', 'molestie nibh in lectus pellentesque'),
(830, 25, 4, 1, '13:00:00', '16:44:00', '2019-03-04', 'phasellus id sapien in sapien iaculis congue vivamus metus'),
(831, 26, 4, 1, '12:31:00', '16:12:00', '2019-03-04', 'quis odio consequat varius integer ac leo'),
(832, 27, 4, 1, '12:44:00', '16:44:00', '2019-03-04', 'tellus semper interdum mauris ullamcorper purus'),
(833, 28, 1, 1, '12:55:00', '16:16:00', '2019-03-04', 'mauris lacinia sapien quis libero'),
(834, 29, 2, 1, '12:41:00', '16:17:00', '2019-03-04', 'quis justo maecenas rhoncus aliquam lacus'),
(835, 30, 2, 1, '12:34:00', '16:12:00', '2019-03-04', 'ipsum dolor sit amet consectetuer adipiscing elit'),
(836, 31, 4, 1, '12:40:00', '17:24:00', '2019-03-04', 'vel augue vestibulum ante ipsum primis in'),
(837, 32, 5, 1, '13:27:00', '15:42:00', '2019-03-04', 'diam in magna bibendum imperdiet'),
(838, 33, 4, 1, '12:49:00', '15:36:00', '2019-03-04', 'convallis eget eleifend luctus ultricies eu nibh'),
(839, 34, 3, 4, '12:55:00', '16:57:00', '2019-03-04', 'porta volutpat quam pede lobortis ligula sit amet eleifend'),
(840, 35, 3, 1, '12:45:00', '16:53:00', '2019-03-04', 'quis odio consequat varius integer ac'),
(841, 1, 3, 1, '13:00:00', '16:53:00', '2019-03-05', 'ligula pellentesque ultrices phasellus id sapien in sapien iaculis'),
(842, 2, 4, 4, '13:20:00', '16:15:00', '2019-03-05', 'elementum eu interdum eu tincidunt in leo'),
(843, 3, 4, 5, '12:40:00', '17:04:00', '2019-03-05', 'rhoncus mauris enim leo rhoncus sed'),
(844, 4, 5, 1, '13:09:00', '16:50:00', '2019-03-05', 'rutrum ac lobortis vel dapibus at diam nam tristique'),
(845, 5, 3, 1, '13:09:00', '16:23:00', '2019-03-05', 'rutrum at lorem integer tincidunt ante vel'),
(846, 6, 4, 1, '13:25:00', '17:10:00', '2019-03-05', 'pretium iaculis justo in hac habitasse platea dictumst etiam'),
(847, 7, 5, 1, '13:25:00', '16:12:00', '2019-03-05', 'a pede posuere nonummy integer non velit donec'),
(848, 8, 1, 1, '12:43:00', '15:40:00', '2019-03-05', 'amet sapien dignissim vestibulum vestibulum ante ipsum primis'),
(849, 9, 2, 3, '12:57:00', '15:47:00', '2019-03-05', 'vulputate ut ultrices vel augue vestibulum ante ipsum primis in'),
(850, 10, 4, 1, '13:26:00', '16:47:00', '2019-03-05', 'consequat ut nulla sed accumsan felis ut at dolor'),
(851, 11, 4, 1, '12:45:00', '16:27:00', '2019-03-05', 'etiam justo etiam pretium iaculis justo in hac'),
(852, 12, 2, 1, '12:40:00', '17:02:00', '2019-03-05', 'aliquet ultrices erat tortor sollicitudin mi sit'),
(853, 13, 2, 1, '13:05:00', '17:26:00', '2019-03-05', 'ornare imperdiet sapien urna pretium nisl'),
(854, 14, 5, 1, '13:16:00', '16:57:00', '2019-03-05', 'hendrerit at vulputate vitae nisl aenean'),
(855, 15, 1, 1, '13:07:00', '16:04:00', '2019-03-05', 'luctus et ultrices posuere cubilia curae donec pharetra'),
(856, 16, 5, 2, '12:37:00', '17:01:00', '2019-03-05', 'iaculis congue vivamus metus arcu adipiscing'),
(857, 17, 1, 1, '12:56:00', '16:43:00', '2019-03-05', 'cubilia curae donec pharetra magna'),
(858, 18, 4, 1, '12:41:00', '16:56:00', '2019-03-05', 'nulla elit ac nulla sed vel enim sit'),
(859, 19, 1, 5, '12:34:00', '16:33:00', '2019-03-05', 'curae nulla dapibus dolor vel'),
(860, 20, 4, 3, '12:48:00', '16:37:00', '2019-03-05', 'ac nibh fusce lacus purus'),
(861, 21, 5, 2, '13:13:00', '16:56:00', '2019-03-05', 'eleifend pede libero quis orci nullam molestie'),
(862, 22, 1, 1, '13:23:00', '17:27:00', '2019-03-05', 'a nibh in quis justo maecenas'),
(863, 23, 3, 1, '12:52:00', '16:40:00', '2019-03-05', 'ut volutpat sapien arcu sed augue aliquam erat'),
(864, 24, 2, 4, '12:33:00', '15:48:00', '2019-03-05', 'proin risus praesent lectus vestibulum quam sapien'),
(865, 25, 1, 1, '13:15:00', '16:15:00', '2019-03-05', 'rhoncus aliquam lacus morbi quis tortor id'),
(866, 26, 3, 1, '12:58:00', '15:44:00', '2019-03-05', 'hac habitasse platea dictumst morbi vestibulum'),
(867, 27, 1, 1, '12:52:00', '17:00:00', '2019-03-05', 'a libero nam dui proin leo odio porttitor'),
(868, 28, 2, 1, '12:45:00', '17:05:00', '2019-03-05', 'amet eros suspendisse accumsan tortor quis'),
(869, 29, 4, 1, '12:42:00', '16:13:00', '2019-03-05', 'enim sit amet nunc viverra'),
(870, 30, 4, 1, '13:23:00', '16:38:00', '2019-03-05', 'volutpat quam pede lobortis ligula sit'),
(871, 31, 4, 1, '13:08:00', '17:06:00', '2019-03-05', 'ipsum dolor sit amet consectetuer adipiscing'),
(872, 32, 4, 1, '13:24:00', '16:25:00', '2019-03-05', 'a ipsum integer a nibh'),
(873, 33, 4, 3, '13:08:00', '16:10:00', '2019-03-05', 'in faucibus orci luctus et'),
(874, 34, 1, 1, '13:26:00', '16:41:00', '2019-03-05', 'rutrum ac lobortis vel dapibus at diam nam tristique tortor'),
(875, 35, 5, 1, '12:49:00', '16:52:00', '2019-03-05', 'quam pharetra magna ac consequat metus'),
(876, 1, 5, 1, '13:14:00', '17:01:00', '2019-03-06', 'duis faucibus accumsan odio curabitur convallis duis consequat'),
(877, 2, 2, 1, '13:04:00', '17:04:00', '2019-03-06', 'morbi sem mauris laoreet ut rhoncus aliquet pulvinar'),
(878, 3, 3, 1, '13:04:00', '16:06:00', '2019-03-06', 'eget tincidunt eget tempus vel pede morbi'),
(879, 4, 3, 1, '13:12:00', '16:04:00', '2019-03-06', 'morbi sem mauris laoreet ut rhoncus'),
(880, 5, 3, 1, '13:05:00', '16:11:00', '2019-03-06', 'et magnis dis parturient montes nascetur'),
(881, 6, 1, 1, '12:32:00', '16:40:00', '2019-03-06', 'pede justo eu massa donec'),
(882, 7, 1, 1, '12:49:00', '17:05:00', '2019-03-06', 'ante ipsum primis in faucibus orci luctus'),
(883, 8, 3, 1, '12:56:00', '16:24:00', '2019-03-06', 'nisl duis ac nibh fusce lacus purus'),
(884, 9, 2, 1, '12:53:00', '16:53:00', '2019-03-06', 'a pede posuere nonummy integer non velit'),
(885, 10, 3, 3, '13:27:00', '15:30:00', '2019-03-06', 'est donec odio justo sollicitudin ut suscipit a'),
(886, 11, 3, 1, '13:06:00', '17:01:00', '2019-03-06', 'molestie lorem quisque ut erat curabitur gravida'),
(887, 12, 1, 1, '13:24:00', '15:30:00', '2019-03-06', 'justo in blandit ultrices enim lorem ipsum dolor'),
(888, 13, 1, 1, '12:59:00', '16:38:00', '2019-03-06', 'nisl ut volutpat sapien arcu'),
(889, 14, 2, 1, '13:04:00', '15:51:00', '2019-03-06', 'velit donec diam neque vestibulum eget vulputate ut'),
(890, 15, 3, 1, '13:14:00', '16:29:00', '2019-03-06', 'at dolor quis odio consequat varius integer ac'),
(891, 16, 3, 1, '13:00:00', '17:13:00', '2019-03-06', 'lorem quisque ut erat curabitur gravida nisi at nibh'),
(892, 17, 4, 1, '12:51:00', '16:30:00', '2019-03-06', 'turpis adipiscing lorem vitae mattis nibh ligula nec'),
(893, 18, 3, 1, '13:10:00', '16:51:00', '2019-03-06', 'augue a suscipit nulla elit ac'),
(894, 19, 5, 1, '13:17:00', '16:17:00', '2019-03-06', 'ante ipsum primis in faucibus'),
(895, 20, 1, 1, '12:39:00', '16:23:00', '2019-03-06', 'penatibus et magnis dis parturient'),
(896, 21, 5, 1, '13:08:00', '15:33:00', '2019-03-06', 'congue elementum in hac habitasse'),
(897, 22, 2, 1, '12:50:00', '15:55:00', '2019-03-06', 'fermentum justo nec condimentum neque'),
(898, 23, 5, 1, '13:11:00', '17:22:00', '2019-03-06', 'suspendisse potenti nullam porttitor lacus at turpis'),
(899, 24, 2, 3, '12:31:00', '16:43:00', '2019-03-06', 'rhoncus sed vestibulum sit amet cursus id'),
(900, 25, 1, 1, '13:26:00', '17:05:00', '2019-03-06', 'semper interdum mauris ullamcorper purus sit amet nulla quisque'),
(901, 26, 5, 1, '13:03:00', '16:40:00', '2019-03-06', 'dapibus duis at velit eu est congue elementum in'),
(902, 27, 1, 1, '13:29:00', '15:50:00', '2019-03-06', 'pede malesuada in imperdiet et commodo vulputate'),
(903, 28, 3, 1, '13:13:00', '16:45:00', '2019-03-06', 'gravida sem praesent id massa id nisl venenatis lacinia aenean'),
(904, 29, 2, 1, '12:57:00', '16:47:00', '2019-03-06', 'ridiculus mus etiam vel augue vestibulum rutrum rutrum neque aenean'),
(905, 30, 4, 1, '12:39:00', '16:23:00', '2019-03-06', 'eu nibh quisque id justo sit'),
(906, 31, 4, 1, '12:47:00', '15:30:00', '2019-03-06', 'dapibus at diam nam tristique tortor eu pede'),
(907, 32, 3, 1, '12:49:00', '17:25:00', '2019-03-06', 'ut massa volutpat convallis morbi odio odio elementum'),
(908, 33, 5, 1, '13:20:00', '16:55:00', '2019-03-06', 'volutpat eleifend donec ut dolor morbi vel lectus in'),
(909, 34, 4, 1, '13:24:00', '16:47:00', '2019-03-06', 'porttitor id consequat in consequat ut nulla sed'),
(910, 35, 1, 2, '12:52:00', '16:31:00', '2019-03-06', 'et ultrices posuere cubilia curae donec pharetra magna vestibulum'),
(911, 1, 2, 1, '13:03:00', '16:28:00', '2019-03-07', 'eget elit sodales scelerisque mauris sit amet eros suspendisse accumsan'),
(912, 2, 5, 1, '13:07:00', '17:22:00', '2019-03-07', 'id nulla ultrices aliquet maecenas leo'),
(913, 3, 5, 3, '13:29:00', '15:39:00', '2019-03-07', 'tincidunt ante vel ipsum praesent blandit lacinia'),
(914, 4, 4, 1, '12:41:00', '17:22:00', '2019-03-07', 'erat nulla tempus vivamus in felis eu sapien'),
(915, 5, 4, 1, '13:24:00', '16:29:00', '2019-03-07', 'amet justo morbi ut odio cras mi'),
(916, 6, 5, 1, '13:11:00', '17:04:00', '2019-03-07', 'pulvinar sed nisl nunc rhoncus dui vel sem sed sagittis'),
(917, 7, 2, 1, '13:04:00', '16:52:00', '2019-03-07', 'lorem id ligula suspendisse ornare consequat lectus in est'),
(918, 8, 5, 1, '12:40:00', '15:49:00', '2019-03-07', 'sapien non mi integer ac neque duis bibendum morbi non'),
(919, 9, 3, 1, '13:16:00', '15:31:00', '2019-03-07', 'congue diam id ornare imperdiet sapien urna'),
(920, 10, 3, 1, '12:45:00', '16:33:00', '2019-03-07', 'vel enim sit amet nunc viverra dapibus nulla'),
(921, 11, 4, 5, '12:51:00', '17:19:00', '2019-03-07', 'morbi vestibulum velit id pretium iaculis diam'),
(922, 12, 2, 1, '13:26:00', '16:26:00', '2019-03-07', 'amet sapien dignissim vestibulum vestibulum ante ipsum'),
(923, 13, 1, 3, '12:39:00', '16:13:00', '2019-03-07', 'integer ac neque duis bibendum morbi non'),
(924, 14, 1, 1, '12:50:00', '17:07:00', '2019-03-07', 'vel est donec odio justo sollicitudin ut suscipit a'),
(925, 15, 3, 1, '13:10:00', '15:46:00', '2019-03-07', 'pede venenatis non sodales sed'),
(926, 16, 4, 1, '12:48:00', '16:37:00', '2019-03-07', 'quisque porta volutpat erat quisque erat eros viverra eget congue'),
(927, 17, 4, 1, '12:38:00', '17:09:00', '2019-03-07', 'tortor sollicitudin mi sit amet lobortis'),
(928, 18, 5, 1, '12:39:00', '17:28:00', '2019-03-07', 'ut erat curabitur gravida nisi at nibh in hac'),
(929, 19, 2, 1, '13:27:00', '17:25:00', '2019-03-07', 'eget semper rutrum nulla nunc purus phasellus in felis'),
(930, 20, 5, 1, '12:57:00', '15:30:00', '2019-03-07', 'potenti nullam porttitor lacus at turpis donec posuere metus vitae'),
(931, 21, 2, 1, '13:28:00', '17:07:00', '2019-03-07', 'consequat nulla nisl nunc nisl duis bibendum felis sed interdum'),
(932, 22, 4, 1, '13:15:00', '17:01:00', '2019-03-07', 'suspendisse ornare consequat lectus in est risus auctor'),
(933, 23, 2, 1, '12:47:00', '16:21:00', '2019-03-07', 'in faucibus orci luctus et ultrices posuere'),
(934, 24, 4, 1, '13:08:00', '17:17:00', '2019-03-07', 'habitasse platea dictumst maecenas ut massa'),
(935, 25, 3, 1, '12:50:00', '17:24:00', '2019-03-07', 'facilisi cras non velit nec nisi vulputate'),
(936, 26, 2, 1, '12:46:00', '16:09:00', '2019-03-07', 'condimentum curabitur in libero ut massa volutpat convallis morbi'),
(937, 27, 5, 1, '13:26:00', '16:14:00', '2019-03-07', 'hendrerit at vulputate vitae nisl aenean'),
(938, 28, 1, 1, '12:30:00', '15:57:00', '2019-03-07', 'ante nulla justo aliquam quis turpis eget elit'),
(939, 29, 4, 1, '12:37:00', '17:23:00', '2019-03-07', 'enim sit amet nunc viverra dapibus nulla suscipit ligula in'),
(940, 30, 4, 1, '12:49:00', '17:13:00', '2019-03-07', 'amet consectetuer adipiscing elit proin risus praesent lectus vestibulum quam'),
(941, 31, 1, 1, '12:35:00', '15:32:00', '2019-03-07', 'sed magna at nunc commodo placerat praesent blandit nam'),
(942, 32, 3, 1, '12:40:00', '16:23:00', '2019-03-07', 'platea dictumst etiam faucibus cursus'),
(943, 33, 4, 1, '12:33:00', '17:24:00', '2019-03-07', 'arcu sed augue aliquam erat volutpat in congue etiam'),
(944, 34, 3, 5, '12:50:00', '17:25:00', '2019-03-07', 'ligula sit amet eleifend pede'),
(945, 35, 2, 1, '12:38:00', '17:29:00', '2019-03-07', 'pede libero quis orci nullam'),
(946, 1, 1, 1, '12:34:00', '16:10:00', '2019-03-08', 'nibh in hac habitasse platea dictumst aliquam augue'),
(947, 2, 3, 1, '12:40:00', '16:08:00', '2019-03-08', 'quisque arcu libero rutrum ac'),
(948, 3, 4, 1, '13:10:00', '17:09:00', '2019-03-08', 'sit amet erat nulla tempus vivamus in felis eu sapien'),
(949, 4, 4, 1, '12:51:00', '16:21:00', '2019-03-08', 'consequat metus sapien ut nunc vestibulum ante'),
(950, 5, 2, 1, '13:29:00', '16:52:00', '2019-03-08', 'neque sapien placerat ante nulla justo aliquam'),
(951, 6, 2, 1, '12:52:00', '15:35:00', '2019-03-08', 'nullam varius nulla facilisi cras non velit nec nisi'),
(952, 7, 2, 1, '13:21:00', '17:12:00', '2019-03-08', 'ac lobortis vel dapibus at diam nam'),
(953, 8, 4, 1, '13:02:00', '16:01:00', '2019-03-08', 'mauris morbi non lectus aliquam'),
(954, 9, 1, 1, '13:14:00', '16:02:00', '2019-03-08', 'id ligula suspendisse ornare consequat'),
(955, 10, 3, 1, '12:30:00', '15:48:00', '2019-03-08', 'sem fusce consequat nulla nisl nunc nisl duis bibendum felis'),
(956, 11, 5, 1, '12:43:00', '15:59:00', '2019-03-08', 'cum sociis natoque penatibus et magnis'),
(957, 12, 3, 1, '13:22:00', '16:41:00', '2019-03-08', 'risus auctor sed tristique in tempus sit amet'),
(958, 13, 4, 1, '13:05:00', '16:12:00', '2019-03-08', 'nulla sed vel enim sit'),
(959, 14, 3, 1, '13:00:00', '16:51:00', '2019-03-08', 'porttitor pede justo eu massa donec dapibus duis'),
(960, 15, 3, 1, '13:18:00', '16:36:00', '2019-03-08', 'metus aenean fermentum donec ut'),
(961, 16, 4, 1, '13:26:00', '17:16:00', '2019-03-08', 'dictumst etiam faucibus cursus urna');
INSERT INTO `timesheets_timesheet` (`timesheet_id`, `user_id`, `project_id`, `activity_id`, `time_in`, `time_out`, `date`, `note`) VALUES
(962, 17, 3, 1, '13:20:00', '17:00:00', '2019-03-08', 'eu tincidunt in leo maecenas pulvinar lobortis est phasellus sit'),
(963, 18, 3, 1, '12:53:00', '16:36:00', '2019-03-08', 'magnis dis parturient montes nascetur'),
(964, 19, 5, 1, '12:45:00', '16:49:00', '2019-03-08', 'congue elementum in hac habitasse platea dictumst'),
(965, 20, 4, 1, '13:02:00', '16:52:00', '2019-03-08', 'a feugiat et eros vestibulum ac est'),
(966, 21, 4, 1, '12:53:00', '16:55:00', '2019-03-08', 'nulla elit ac nulla sed vel enim'),
(967, 22, 4, 1, '13:27:00', '16:02:00', '2019-03-08', 'lacinia erat vestibulum sed magna at nunc commodo placerat'),
(968, 23, 5, 1, '13:24:00', '16:44:00', '2019-03-08', 'vestibulum ante ipsum primis in faucibus'),
(969, 24, 4, 1, '13:20:00', '16:23:00', '2019-03-08', 'aliquam erat volutpat in congue'),
(970, 25, 4, 1, '12:47:00', '15:48:00', '2019-03-08', 'justo nec condimentum neque sapien placerat ante nulla justo aliquam'),
(971, 26, 5, 3, '13:17:00', '15:46:00', '2019-03-08', 'quis turpis sed ante vivamus tortor duis mattis'),
(972, 27, 3, 3, '12:48:00', '16:28:00', '2019-03-08', 'faucibus orci luctus et ultrices posuere'),
(973, 28, 1, 1, '12:46:00', '16:41:00', '2019-03-08', 'volutpat dui maecenas tristique est et tempus semper est quam'),
(974, 29, 4, 1, '12:54:00', '15:54:00', '2019-03-08', 'felis donec semper sapien a libero nam dui proin'),
(975, 30, 5, 1, '13:17:00', '16:17:00', '2019-03-08', 'ac nibh fusce lacus purus aliquet at feugiat non pretium'),
(976, 31, 5, 1, '13:05:00', '15:31:00', '2019-03-08', 'rutrum neque aenean auctor gravida sem praesent id massa id'),
(977, 32, 4, 2, '13:17:00', '16:53:00', '2019-03-08', 'consequat varius integer ac leo pellentesque ultrices mattis odio donec'),
(978, 33, 4, 2, '12:39:00', '16:14:00', '2019-03-08', 'curabitur in libero ut massa volutpat convallis morbi odio'),
(979, 34, 1, 1, '13:03:00', '17:21:00', '2019-03-08', 'eu sapien cursus vestibulum proin eu mi'),
(980, 35, 4, 1, '12:30:00', '17:06:00', '2019-03-08', 'venenatis non sodales sed tincidunt eu felis fusce posuere felis'),
(981, 1, 3, 1, '12:36:00', '17:09:00', '2019-03-11', 'volutpat erat quisque erat eros viverra'),
(982, 2, 5, 4, '13:19:00', '16:13:00', '2019-03-11', 'quisque id justo sit amet sapien'),
(983, 3, 4, 5, '12:36:00', '15:47:00', '2019-03-11', 'posuere felis sed lacus morbi sem mauris laoreet'),
(984, 4, 3, 1, '13:22:00', '17:10:00', '2019-03-11', 'bibendum felis sed interdum venenatis turpis enim blandit mi'),
(985, 5, 5, 3, '12:38:00', '16:43:00', '2019-03-11', 'volutpat eleifend donec ut dolor morbi vel'),
(986, 6, 1, 1, '13:00:00', '16:17:00', '2019-03-11', 'amet consectetuer adipiscing elit proin interdum mauris non'),
(987, 7, 1, 1, '12:56:00', '15:37:00', '2019-03-11', 'non lectus aliquam sit amet'),
(988, 8, 2, 1, '13:29:00', '16:15:00', '2019-03-11', 'cubilia curae nulla dapibus dolor vel est'),
(989, 9, 2, 1, '13:13:00', '15:46:00', '2019-03-11', 'nunc purus phasellus in felis donec semper sapien a libero'),
(990, 10, 5, 1, '12:46:00', '16:59:00', '2019-03-11', 'quis justo maecenas rhoncus aliquam'),
(991, 11, 4, 1, '12:58:00', '17:24:00', '2019-03-11', 'non lectus aliquam sit amet'),
(992, 12, 1, 5, '12:59:00', '16:59:00', '2019-03-11', 'vel pede morbi porttitor lorem id ligula suspendisse ornare'),
(993, 13, 5, 1, '12:47:00', '17:12:00', '2019-03-11', 'tortor duis mattis egestas metus'),
(994, 14, 4, 1, '13:05:00', '17:08:00', '2019-03-11', 'amet consectetuer adipiscing elit proin interdum mauris non'),
(995, 15, 2, 1, '13:18:00', '16:13:00', '2019-03-11', 'amet eleifend pede libero quis orci'),
(996, 16, 1, 1, '13:10:00', '15:58:00', '2019-03-11', 'nisl duis bibendum felis sed interdum'),
(997, 17, 3, 1, '13:04:00', '15:36:00', '2019-03-11', 'tortor quis turpis sed ante vivamus tortor duis'),
(998, 18, 1, 5, '12:33:00', '15:38:00', '2019-03-11', 'enim in tempor turpis nec'),
(999, 19, 2, 1, '12:54:00', '17:07:00', '2019-03-11', 'enim leo rhoncus sed vestibulum'),
(1000, 20, 2, 1, '12:51:00', '15:59:00', '2019-03-11', 'dictumst morbi vestibulum velit id pretium iaculis diam erat'),
(1001, 21, 3, 1, '13:05:00', '15:35:00', '2019-03-11', 'sed vestibulum sit amet cursus id turpis integer'),
(1002, 22, 3, 1, '13:10:00', '15:39:00', '2019-03-11', 'nullam molestie nibh in lectus'),
(1003, 23, 4, 1, '12:42:00', '16:46:00', '2019-03-11', 'gravida sem praesent id massa id nisl'),
(1004, 24, 4, 1, '13:17:00', '16:32:00', '2019-03-11', 'ut volutpat sapien arcu sed augue aliquam erat'),
(1005, 25, 2, 1, '13:10:00', '15:55:00', '2019-03-11', 'nulla nunc purus phasellus in felis donec'),
(1006, 26, 5, 1, '12:39:00', '17:12:00', '2019-03-11', 'nisi eu orci mauris lacinia'),
(1007, 27, 3, 4, '12:46:00', '17:10:00', '2019-03-11', 'sit amet diam in magna'),
(1008, 28, 3, 1, '13:18:00', '17:19:00', '2019-03-11', 'vivamus tortor duis mattis egestas metus aenean fermentum'),
(1009, 29, 1, 1, '12:37:00', '16:15:00', '2019-03-11', 'rutrum neque aenean auctor gravida'),
(1010, 30, 1, 1, '12:40:00', '16:04:00', '2019-03-11', 'orci eget orci vehicula condimentum'),
(1011, 31, 3, 1, '13:10:00', '16:15:00', '2019-03-11', 'interdum mauris ullamcorper purus sit amet nulla quisque arcu'),
(1012, 32, 3, 1, '13:11:00', '16:50:00', '2019-03-11', 'sed vestibulum sit amet cursus'),
(1013, 33, 2, 1, '12:55:00', '17:17:00', '2019-03-11', 'ante vel ipsum praesent blandit'),
(1014, 34, 3, 1, '12:40:00', '16:29:00', '2019-03-11', 'elit sodales scelerisque mauris sit amet eros'),
(1015, 35, 5, 1, '13:24:00', '16:38:00', '2019-03-11', 'mollis molestie lorem quisque ut'),
(1016, 1, 5, 1, '12:52:00', '16:54:00', '2019-03-12', 'bibendum morbi non quam nec dui luctus rutrum'),
(1017, 2, 3, 3, '12:54:00', '17:05:00', '2019-03-12', 'ipsum dolor sit amet consectetuer adipiscing elit'),
(1018, 3, 4, 3, '12:34:00', '17:17:00', '2019-03-12', 'id mauris vulputate elementum nullam varius nulla facilisi cras'),
(1019, 4, 1, 1, '12:49:00', '16:41:00', '2019-03-12', 'nonummy integer non velit donec diam'),
(1020, 5, 4, 1, '12:35:00', '16:32:00', '2019-03-12', 'morbi non lectus aliquam sit amet diam in'),
(1021, 6, 4, 1, '12:57:00', '17:11:00', '2019-03-12', 'venenatis turpis enim blandit mi'),
(1022, 7, 4, 1, '13:20:00', '16:00:00', '2019-03-12', 'id ligula suspendisse ornare consequat lectus'),
(1023, 8, 3, 3, '12:48:00', '16:28:00', '2019-03-12', 'ut erat id mauris vulputate elementum nullam varius'),
(1024, 9, 2, 1, '13:08:00', '16:31:00', '2019-03-12', 'rutrum ac lobortis vel dapibus'),
(1025, 10, 4, 1, '13:18:00', '16:10:00', '2019-03-12', 'morbi vestibulum velit id pretium iaculis'),
(1026, 11, 5, 1, '13:22:00', '16:58:00', '2019-03-12', 'justo lacinia eget tincidunt eget tempus vel pede morbi porttitor'),
(1027, 12, 5, 1, '13:14:00', '16:32:00', '2019-03-12', 'feugiat non pretium quis lectus suspendisse'),
(1028, 13, 5, 1, '13:20:00', '17:06:00', '2019-03-12', 'in quis justo maecenas rhoncus aliquam'),
(1029, 14, 2, 1, '12:58:00', '15:53:00', '2019-03-12', 'nibh fusce lacus purus aliquet at feugiat non pretium quis'),
(1030, 15, 1, 1, '12:55:00', '16:31:00', '2019-03-12', 'in est risus auctor sed tristique in tempus sit'),
(1031, 16, 2, 1, '12:39:00', '16:51:00', '2019-03-12', 'accumsan felis ut at dolor quis odio consequat varius integer'),
(1032, 17, 5, 1, '13:03:00', '17:24:00', '2019-03-12', 'ornare imperdiet sapien urna pretium nisl ut volutpat sapien'),
(1033, 18, 4, 1, '12:36:00', '16:54:00', '2019-03-12', 'lorem ipsum dolor sit amet consectetuer'),
(1034, 19, 4, 1, '12:50:00', '16:11:00', '2019-03-12', 'aliquam augue quam sollicitudin vitae consectetuer eget rutrum at'),
(1035, 20, 4, 1, '13:21:00', '17:04:00', '2019-03-12', 'at turpis donec posuere metus vitae'),
(1036, 21, 3, 1, '12:42:00', '15:41:00', '2019-03-12', 'quisque id justo sit amet sapien dignissim vestibulum vestibulum'),
(1037, 22, 1, 1, '12:37:00', '16:45:00', '2019-03-12', 'aenean fermentum donec ut mauris eget massa'),
(1038, 23, 4, 1, '12:34:00', '15:50:00', '2019-03-12', 'tristique fusce congue diam id ornare imperdiet sapien urna pretium'),
(1039, 24, 4, 1, '13:18:00', '16:16:00', '2019-03-12', 'odio consequat varius integer ac leo pellentesque ultrices mattis odio'),
(1040, 25, 5, 1, '13:17:00', '15:42:00', '2019-03-12', 'dui proin leo odio porttitor id consequat'),
(1041, 26, 2, 1, '13:13:00', '16:54:00', '2019-03-12', 'sapien a libero nam dui proin leo odio porttitor id'),
(1042, 27, 4, 1, '12:40:00', '15:31:00', '2019-03-12', 'aenean fermentum donec ut mauris eget massa tempor'),
(1043, 28, 1, 1, '12:37:00', '15:41:00', '2019-03-12', 'morbi vestibulum velit id pretium iaculis'),
(1044, 29, 5, 3, '12:50:00', '16:37:00', '2019-03-12', 'nunc rhoncus dui vel sem sed'),
(1045, 30, 4, 1, '13:11:00', '15:30:00', '2019-03-12', 'ut blandit non interdum in ante vestibulum'),
(1046, 31, 1, 1, '13:00:00', '16:10:00', '2019-03-12', 'ante ipsum primis in faucibus'),
(1047, 32, 4, 1, '13:14:00', '16:01:00', '2019-03-12', 'at turpis donec posuere metus vitae'),
(1048, 33, 3, 1, '13:24:00', '17:23:00', '2019-03-12', 'mattis nibh ligula nec sem duis aliquam convallis nunc proin'),
(1049, 34, 2, 1, '12:32:00', '16:02:00', '2019-03-12', 'dui vel nisl duis ac nibh fusce'),
(1050, 35, 4, 1, '13:27:00', '16:04:00', '2019-03-12', 'ultrices erat tortor sollicitudin mi sit amet lobortis sapien'),
(1051, 1, 2, 4, '13:16:00', '16:55:00', '2019-03-01', 'et tempus semper est quam pharetra magna'),
(1052, 2, 4, 4, '12:38:00', '16:52:00', '2019-03-13', 'natoque penatibus et magnis dis parturient montes'),
(1053, 3, 4, 1, '13:12:00', '15:30:00', '2019-03-13', 'mattis nibh ligula nec sem duis aliquam'),
(1054, 4, 3, 4, '12:31:00', '15:39:00', '2019-03-13', 'sapien a libero nam dui proin leo odio porttitor id'),
(1055, 5, 4, 1, '12:35:00', '16:55:00', '2019-03-13', 'aliquet at feugiat non pretium quis'),
(1056, 6, 3, 1, '12:44:00', '16:32:00', '2019-03-13', 'odio cras mi pede malesuada'),
(1057, 7, 5, 1, '13:01:00', '16:32:00', '2019-03-13', 'metus aenean fermentum donec ut mauris'),
(1058, 8, 5, 1, '12:41:00', '17:22:00', '2019-03-13', 'donec quis orci eget orci vehicula condimentum curabitur in'),
(1059, 9, 1, 1, '12:46:00', '15:43:00', '2019-03-13', 'tellus in sagittis dui vel'),
(1060, 10, 1, 1, '13:11:00', '16:32:00', '2019-03-13', 'eget eleifend luctus ultricies eu nibh quisque id'),
(1061, 11, 5, 1, '13:28:00', '17:13:00', '2019-03-13', 'lobortis ligula sit amet eleifend pede libero quis orci'),
(1062, 12, 1, 1, '13:29:00', '16:18:00', '2019-03-13', 'suspendisse potenti in eleifend quam'),
(1063, 13, 1, 3, '13:21:00', '15:40:00', '2019-03-13', 'luctus et ultrices posuere cubilia curae'),
(1064, 14, 3, 1, '12:52:00', '16:59:00', '2019-03-13', 'ridiculus mus vivamus vestibulum sagittis sapien cum sociis natoque penatibus'),
(1065, 15, 1, 2, '13:11:00', '16:07:00', '2019-03-13', 'vivamus vel nulla eget eros elementum pellentesque'),
(1066, 16, 3, 1, '13:19:00', '17:26:00', '2019-03-13', 'suscipit a feugiat et eros vestibulum ac est lacinia'),
(1067, 17, 2, 4, '13:29:00', '17:23:00', '2019-03-13', 'amet nulla quisque arcu libero rutrum ac lobortis vel'),
(1068, 18, 4, 1, '13:14:00', '16:15:00', '2019-03-13', 'commodo placerat praesent blandit nam nulla integer pede justo'),
(1069, 19, 4, 2, '13:25:00', '17:21:00', '2019-03-13', 'vestibulum ante ipsum primis in faucibus orci'),
(1070, 20, 2, 1, '12:46:00', '15:55:00', '2019-03-13', 'nulla neque libero convallis eget eleifend luctus ultricies'),
(1071, 21, 2, 1, '12:54:00', '16:27:00', '2019-03-13', 'eu interdum eu tincidunt in leo maecenas pulvinar'),
(1072, 22, 5, 1, '12:37:00', '17:12:00', '2019-03-13', 'varius integer ac leo pellentesque'),
(1073, 23, 2, 2, '12:52:00', '17:08:00', '2019-03-13', 'vel lectus in quam fringilla rhoncus'),
(1074, 24, 2, 2, '12:51:00', '16:10:00', '2019-03-13', 'augue luctus tincidunt nulla mollis molestie lorem quisque ut'),
(1075, 25, 5, 1, '12:43:00', '16:45:00', '2019-03-13', 'odio in hac habitasse platea dictumst'),
(1076, 26, 2, 1, '12:57:00', '16:44:00', '2019-03-13', 'dictumst aliquam augue quam sollicitudin vitae consectetuer eget rutrum at'),
(1077, 27, 4, 1, '13:07:00', '16:01:00', '2019-03-13', 'lobortis sapien sapien non mi integer ac neque duis'),
(1078, 28, 4, 1, '12:39:00', '16:12:00', '2019-03-13', 'sit amet consectetuer adipiscing elit proin risus praesent'),
(1079, 29, 4, 1, '12:55:00', '16:46:00', '2019-03-13', 'lacinia sapien quis libero nullam sit amet turpis elementum ligula'),
(1080, 30, 2, 1, '12:30:00', '16:15:00', '2019-03-13', 'leo odio condimentum id luctus nec molestie sed justo pellentesque'),
(1081, 31, 3, 1, '13:23:00', '15:54:00', '2019-03-13', 'posuere cubilia curae nulla dapibus dolor vel'),
(1082, 32, 4, 1, '12:42:00', '16:01:00', '2019-03-13', 'posuere cubilia curae donec pharetra magna'),
(1083, 33, 5, 1, '12:40:00', '17:28:00', '2019-03-13', 'vel nulla eget eros elementum'),
(1084, 34, 5, 1, '12:51:00', '16:02:00', '2019-03-13', 'in felis eu sapien cursus vestibulum proin eu mi'),
(1085, 35, 2, 1, '12:32:00', '16:00:00', '2019-03-13', 'quam fringilla rhoncus mauris enim'),
(1086, 1, 3, 1, '12:36:00', '16:37:00', '2019-03-14', 'suspendisse potenti in eleifend quam'),
(1087, 2, 2, 1, '12:58:00', '16:24:00', '2019-03-14', 'magna bibendum imperdiet nullam orci pede venenatis non sodales'),
(1088, 3, 3, 1, '13:01:00', '15:51:00', '2019-03-14', 'volutpat convallis morbi odio odio elementum eu interdum eu'),
(1089, 4, 3, 1, '12:56:00', '17:11:00', '2019-03-14', 'porttitor pede justo eu massa donec dapibus duis'),
(1090, 5, 1, 1, '13:04:00', '16:12:00', '2019-03-14', 'etiam pretium iaculis justo in hac habitasse platea dictumst etiam'),
(1091, 6, 5, 1, '13:29:00', '17:23:00', '2019-03-14', 'in faucibus orci luctus et ultrices posuere cubilia curae'),
(1092, 7, 3, 1, '13:17:00', '17:00:00', '2019-03-14', 'nullam porttitor lacus at turpis donec posuere metus'),
(1093, 8, 3, 1, '13:17:00', '16:15:00', '2019-03-14', 'ipsum integer a nibh in quis justo'),
(1094, 9, 5, 1, '13:05:00', '16:59:00', '2019-03-14', 'vestibulum rutrum rutrum neque aenean auctor'),
(1095, 10, 2, 1, '12:41:00', '16:36:00', '2019-03-14', 'neque vestibulum eget vulputate ut ultrices vel augue vestibulum'),
(1096, 11, 1, 1, '13:23:00', '16:37:00', '2019-03-14', 'sit amet turpis elementum ligula vehicula consequat morbi a'),
(1097, 12, 5, 1, '12:42:00', '17:06:00', '2019-03-14', 'non ligula pellentesque ultrices phasellus id sapien'),
(1098, 13, 3, 1, '13:09:00', '15:37:00', '2019-03-14', 'lacus morbi sem mauris laoreet ut'),
(1099, 14, 2, 1, '12:41:00', '16:18:00', '2019-03-14', 'ultrices enim lorem ipsum dolor sit amet consectetuer'),
(1100, 15, 3, 5, '13:24:00', '16:26:00', '2019-03-14', 'congue risus semper porta volutpat quam pede lobortis ligula'),
(1101, 16, 2, 1, '13:28:00', '16:31:00', '2019-03-14', 'morbi vel lectus in quam fringilla rhoncus mauris enim'),
(1102, 17, 4, 1, '12:48:00', '15:39:00', '2019-03-14', 'sapien in sapien iaculis congue vivamus metus arcu adipiscing'),
(1103, 18, 3, 1, '12:53:00', '16:12:00', '2019-03-14', 'duis bibendum morbi non quam'),
(1104, 19, 1, 1, '13:26:00', '15:38:00', '2019-03-14', 'mattis odio donec vitae nisi nam'),
(1105, 20, 3, 3, '13:05:00', '17:12:00', '2019-03-14', 'eu est congue elementum in hac'),
(1106, 21, 5, 1, '12:42:00', '16:18:00', '2019-03-14', 'sed tincidunt eu felis fusce posuere felis sed'),
(1107, 22, 5, 1, '12:39:00', '15:40:00', '2019-03-14', 'vestibulum rutrum rutrum neque aenean auctor gravida'),
(1108, 23, 1, 1, '12:45:00', '17:07:00', '2019-03-14', 'morbi ut odio cras mi pede'),
(1109, 24, 4, 1, '13:26:00', '17:14:00', '2019-03-14', 'lectus in quam fringilla rhoncus mauris enim leo rhoncus sed'),
(1110, 25, 5, 1, '12:45:00', '16:52:00', '2019-03-14', 'nam ultrices libero non mattis pulvinar'),
(1111, 26, 3, 1, '13:05:00', '16:23:00', '2019-03-14', 'dolor quis odio consequat varius integer ac leo'),
(1112, 27, 2, 1, '12:43:00', '17:16:00', '2019-03-14', 'ligula sit amet eleifend pede libero quis orci nullam'),
(1113, 28, 1, 1, '13:08:00', '16:20:00', '2019-03-14', 'justo maecenas rhoncus aliquam lacus'),
(1114, 29, 5, 1, '12:55:00', '16:18:00', '2019-03-14', 'scelerisque mauris sit amet eros suspendisse accumsan tortor quis'),
(1115, 30, 4, 1, '12:52:00', '15:38:00', '2019-03-14', 'massa id nisl venenatis lacinia aenean sit'),
(1116, 31, 4, 1, '13:17:00', '15:47:00', '2019-03-14', 'posuere cubilia curae mauris viverra diam vitae quam suspendisse potenti'),
(1117, 32, 2, 1, '12:32:00', '16:02:00', '2019-03-14', 'consectetuer eget rutrum at lorem integer tincidunt ante vel'),
(1118, 33, 1, 1, '13:12:00', '16:48:00', '2019-03-14', 'eget orci vehicula condimentum curabitur in libero ut massa'),
(1119, 34, 5, 1, '12:54:00', '15:34:00', '2019-03-14', 'cum sociis natoque penatibus et magnis dis'),
(1120, 35, 1, 1, '13:05:00', '16:51:00', '2019-03-14', 'accumsan tellus nisi eu orci mauris lacinia'),
(1121, 1, 2, 1, '12:30:00', '16:21:00', '2019-03-15', 'pellentesque at nulla suspendisse potenti cras in purus eu'),
(1122, 2, 3, 1, '13:14:00', '16:10:00', '2019-03-15', 'eget nunc donec quis orci eget orci vehicula condimentum curabitur'),
(1123, 3, 5, 1, '13:29:00', '15:31:00', '2019-03-15', 'duis at velit eu est congue elementum in hac habitasse'),
(1124, 4, 1, 1, '12:58:00', '15:38:00', '2019-03-15', 'nulla eget eros elementum pellentesque quisque porta'),
(1125, 5, 5, 1, '13:15:00', '16:50:00', '2019-03-15', 'porta volutpat quam pede lobortis ligula sit amet eleifend pede'),
(1126, 6, 4, 1, '12:43:00', '16:49:00', '2019-03-15', 'massa tempor convallis nulla neque libero'),
(1127, 7, 5, 1, '13:09:00', '15:54:00', '2019-03-15', 'mollis molestie lorem quisque ut erat curabitur gravida'),
(1128, 8, 3, 1, '12:35:00', '15:42:00', '2019-03-15', 'nam tristique tortor eu pede'),
(1129, 9, 2, 1, '12:50:00', '16:43:00', '2019-03-15', 'scelerisque mauris sit amet eros suspendisse'),
(1130, 10, 5, 1, '13:00:00', '16:26:00', '2019-03-15', 'praesent id massa id nisl'),
(1131, 11, 1, 1, '13:05:00', '17:17:00', '2019-03-15', 'fringilla rhoncus mauris enim leo rhoncus'),
(1132, 12, 2, 3, '13:23:00', '16:59:00', '2019-03-15', 'tellus in sagittis dui vel nisl'),
(1133, 13, 5, 5, '13:27:00', '15:51:00', '2019-03-15', 'nulla sed vel enim sit amet nunc viverra dapibus nulla'),
(1134, 14, 4, 1, '12:50:00', '15:35:00', '2019-03-15', 'amet turpis elementum ligula vehicula consequat morbi a ipsum integer'),
(1135, 15, 3, 3, '12:55:00', '16:15:00', '2019-03-15', 'eget massa tempor convallis nulla neque'),
(1136, 16, 3, 5, '12:39:00', '16:23:00', '2019-03-15', 'molestie sed justo pellentesque viverra pede ac'),
(1137, 17, 1, 1, '12:33:00', '16:37:00', '2019-03-15', 'elit proin risus praesent lectus vestibulum quam sapien'),
(1138, 18, 3, 1, '13:20:00', '16:41:00', '2019-03-15', 'eget semper rutrum nulla nunc'),
(1139, 19, 5, 1, '12:43:00', '17:22:00', '2019-03-15', 'libero quis orci nullam molestie'),
(1140, 20, 3, 1, '12:59:00', '16:45:00', '2019-03-15', 'nulla dapibus dolor vel est'),
(1141, 21, 1, 5, '12:32:00', '16:25:00', '2019-03-15', 'diam cras pellentesque volutpat dui maecenas tristique est et tempus'),
(1142, 22, 1, 1, '12:43:00', '15:52:00', '2019-03-15', 'hendrerit at vulputate vitae nisl'),
(1143, 23, 3, 1, '12:57:00', '17:01:00', '2019-03-15', 'rutrum nulla tellus in sagittis dui'),
(1144, 24, 3, 1, '13:27:00', '16:24:00', '2019-03-15', 'quis tortor id nulla ultrices aliquet maecenas'),
(1145, 25, 1, 4, '12:58:00', '17:29:00', '2019-03-15', 'arcu libero rutrum ac lobortis vel dapibus at diam'),
(1146, 26, 4, 1, '13:02:00', '15:34:00', '2019-03-15', 'accumsan tortor quis turpis sed ante'),
(1147, 27, 3, 4, '13:17:00', '16:43:00', '2019-03-15', 'ac lobortis vel dapibus at diam nam tristique tortor eu'),
(1148, 28, 2, 1, '12:49:00', '16:34:00', '2019-03-15', 'sit amet consectetuer adipiscing elit proin interdum mauris'),
(1149, 29, 3, 1, '12:33:00', '16:39:00', '2019-03-15', 'dis parturient montes nascetur ridiculus'),
(1150, 30, 1, 1, '13:14:00', '16:20:00', '2019-03-15', 'sit amet sem fusce consequat'),
(1151, 31, 5, 1, '12:46:00', '16:38:00', '2019-03-15', 'vestibulum vestibulum ante ipsum primis'),
(1152, 32, 4, 1, '12:57:00', '16:30:00', '2019-03-15', 'in quam fringilla rhoncus mauris'),
(1153, 33, 1, 1, '13:19:00', '16:28:00', '2019-03-15', 'volutpat convallis morbi odio odio elementum eu interdum eu'),
(1154, 34, 3, 1, '13:19:00', '15:45:00', '2019-03-15', 'potenti nullam porttitor lacus at turpis donec posuere metus vitae'),
(1155, 35, 3, 5, '13:12:00', '16:12:00', '2019-03-15', 'ligula suspendisse ornare consequat lectus in'),
(1156, 1, 3, 1, '12:50:00', '17:09:00', '2019-03-18', 'velit id pretium iaculis diam erat fermentum justo nec'),
(1157, 2, 4, 1, '12:35:00', '17:16:00', '2019-03-18', 'vestibulum eget vulputate ut ultrices vel'),
(1158, 3, 2, 1, '13:24:00', '16:47:00', '2019-03-18', 'turpis donec posuere metus vitae ipsum aliquam non mauris'),
(1159, 4, 4, 1, '12:44:00', '16:16:00', '2019-03-18', 'ac diam cras pellentesque volutpat'),
(1160, 5, 2, 1, '13:12:00', '17:01:00', '2019-03-18', 'accumsan tortor quis turpis sed ante vivamus tortor duis'),
(1161, 6, 4, 1, '13:09:00', '17:22:00', '2019-03-18', 'arcu sed augue aliquam erat'),
(1162, 7, 1, 1, '12:58:00', '16:30:00', '2019-03-18', 'aliquam convallis nunc proin at turpis'),
(1163, 8, 1, 1, '12:36:00', '16:44:00', '2019-03-18', 'morbi non lectus aliquam sit'),
(1164, 9, 5, 2, '13:16:00', '16:26:00', '2019-03-18', 'donec vitae nisi nam ultrices'),
(1165, 10, 1, 1, '13:07:00', '15:49:00', '2019-03-18', 'et ultrices posuere cubilia curae donec'),
(1166, 11, 5, 1, '13:13:00', '16:03:00', '2019-03-18', 'mi pede malesuada in imperdiet et commodo vulputate justo in'),
(1167, 12, 1, 1, '13:14:00', '16:10:00', '2019-03-18', 'dis parturient montes nascetur ridiculus mus vivamus'),
(1168, 13, 4, 1, '12:49:00', '16:07:00', '2019-03-18', 'posuere felis sed lacus morbi sem mauris laoreet ut'),
(1169, 14, 2, 1, '12:47:00', '16:33:00', '2019-03-18', 'cubilia curae mauris viverra diam vitae quam'),
(1170, 15, 5, 1, '13:07:00', '16:28:00', '2019-03-18', 'congue elementum in hac habitasse platea dictumst'),
(1171, 16, 4, 1, '12:46:00', '15:49:00', '2019-03-18', 'commodo placerat praesent blandit nam nulla integer pede justo lacinia'),
(1172, 17, 4, 4, '13:12:00', '16:03:00', '2019-03-18', 'lectus suspendisse potenti in eleifend quam a odio'),
(1173, 18, 2, 1, '13:27:00', '15:31:00', '2019-03-18', 'ridiculus mus vivamus vestibulum sagittis sapien cum'),
(1174, 19, 1, 1, '12:48:00', '17:12:00', '2019-03-18', 'nunc commodo placerat praesent blandit nam nulla integer'),
(1175, 20, 2, 1, '12:50:00', '17:14:00', '2019-03-18', 'donec posuere metus vitae ipsum aliquam non mauris morbi non'),
(1176, 21, 3, 1, '12:42:00', '16:17:00', '2019-03-18', 'auctor gravida sem praesent id massa id'),
(1177, 22, 1, 1, '13:03:00', '16:51:00', '2019-03-18', 'pellentesque viverra pede ac diam cras pellentesque volutpat dui maecenas'),
(1178, 23, 5, 4, '12:58:00', '16:57:00', '2019-03-18', 'viverra eget congue eget semper rutrum nulla nunc purus'),
(1179, 24, 4, 1, '13:18:00', '16:38:00', '2019-03-18', 'dis parturient montes nascetur ridiculus mus etiam'),
(1180, 25, 1, 1, '13:11:00', '17:15:00', '2019-03-18', 'in felis donec semper sapien'),
(1181, 26, 2, 1, '13:09:00', '16:26:00', '2019-03-18', 'ultrices erat tortor sollicitudin mi'),
(1182, 27, 4, 1, '12:37:00', '15:31:00', '2019-03-18', 'in tempus sit amet sem fusce consequat nulla nisl nunc'),
(1183, 28, 3, 2, '13:16:00', '16:45:00', '2019-03-18', 'platea dictumst morbi vestibulum velit id'),
(1184, 29, 2, 1, '13:17:00', '16:21:00', '2019-03-18', 'vulputate justo in blandit ultrices enim lorem ipsum dolor'),
(1185, 30, 3, 1, '13:19:00', '17:24:00', '2019-03-18', 'amet consectetuer adipiscing elit proin'),
(1186, 31, 4, 1, '13:27:00', '15:37:00', '2019-03-18', 'eleifend quam a odio in hac'),
(1187, 32, 4, 1, '12:30:00', '16:09:00', '2019-03-18', 'libero nam dui proin leo odio porttitor id consequat'),
(1188, 33, 4, 1, '13:12:00', '17:06:00', '2019-03-18', 'suspendisse accumsan tortor quis turpis sed ante vivamus tortor'),
(1189, 34, 2, 5, '12:33:00', '15:37:00', '2019-03-18', 'hac habitasse platea dictumst maecenas ut'),
(1190, 35, 1, 1, '12:58:00', '17:29:00', '2019-03-18', 'eget nunc donec quis orci eget orci vehicula condimentum'),
(1191, 1, 2, 1, '12:49:00', '15:55:00', '2019-03-19', 'risus dapibus augue vel accumsan tellus nisi eu orci'),
(1192, 2, 4, 3, '13:26:00', '17:01:00', '2019-03-19', 'duis bibendum felis sed interdum venenatis turpis enim blandit'),
(1193, 3, 3, 3, '12:46:00', '16:16:00', '2019-03-19', 'velit nec nisi vulputate nonummy'),
(1194, 4, 4, 1, '13:08:00', '17:02:00', '2019-03-19', 'sed ante vivamus tortor duis mattis egestas metus aenean fermentum'),
(1195, 5, 1, 1, '13:07:00', '15:32:00', '2019-03-19', 'euismod scelerisque quam turpis adipiscing lorem vitae mattis nibh'),
(1196, 6, 2, 1, '12:37:00', '16:25:00', '2019-03-19', 'in leo maecenas pulvinar lobortis est'),
(1197, 7, 3, 4, '12:56:00', '17:18:00', '2019-03-19', 'mauris ullamcorper purus sit amet nulla quisque arcu'),
(1198, 8, 3, 1, '13:08:00', '17:24:00', '2019-03-19', 'est congue elementum in hac habitasse platea'),
(1199, 9, 3, 1, '12:58:00', '15:46:00', '2019-03-19', 'adipiscing lorem vitae mattis nibh ligula nec sem duis aliquam'),
(1200, 10, 4, 1, '13:24:00', '16:53:00', '2019-03-19', 'accumsan tortor quis turpis sed ante vivamus'),
(1201, 11, 5, 1, '12:32:00', '17:08:00', '2019-03-19', 'odio porttitor id consequat in consequat ut nulla'),
(1202, 12, 2, 1, '13:01:00', '16:15:00', '2019-03-19', 'odio in hac habitasse platea dictumst maecenas'),
(1203, 13, 3, 1, '12:54:00', '16:09:00', '2019-03-19', 'eget eleifend luctus ultricies eu nibh'),
(1204, 14, 1, 3, '13:18:00', '16:07:00', '2019-03-19', 'dictumst morbi vestibulum velit id pretium iaculis diam'),
(1205, 15, 4, 1, '13:08:00', '16:18:00', '2019-03-19', 'nam dui proin leo odio porttitor'),
(1206, 16, 1, 4, '13:03:00', '16:46:00', '2019-03-19', 'leo maecenas pulvinar lobortis est phasellus sit amet erat nulla'),
(1207, 17, 3, 1, '13:24:00', '16:01:00', '2019-03-19', 'dui luctus rutrum nulla tellus in sagittis'),
(1208, 18, 1, 1, '13:02:00', '17:25:00', '2019-03-19', 'lobortis sapien sapien non mi integer'),
(1209, 19, 2, 1, '12:51:00', '15:36:00', '2019-03-19', 'mauris vulputate elementum nullam varius nulla'),
(1210, 20, 1, 1, '13:01:00', '15:52:00', '2019-03-19', 'ligula in lacus curabitur at ipsum ac tellus'),
(1211, 21, 2, 1, '13:22:00', '17:12:00', '2019-03-19', 'accumsan odio curabitur convallis duis consequat dui'),
(1212, 22, 5, 1, '13:25:00', '16:59:00', '2019-03-19', 'quis turpis sed ante vivamus'),
(1213, 23, 4, 5, '12:39:00', '17:19:00', '2019-03-19', 'in purus eu magna vulputate luctus cum sociis'),
(1214, 24, 1, 1, '12:33:00', '15:38:00', '2019-03-19', 'amet nulla quisque arcu libero'),
(1215, 25, 5, 1, '12:30:00', '15:32:00', '2019-03-19', 'purus sit amet nulla quisque arcu libero rutrum ac'),
(1216, 26, 2, 1, '13:29:00', '16:16:00', '2019-03-19', 'accumsan tellus nisi eu orci mauris lacinia sapien quis'),
(1217, 27, 3, 2, '13:11:00', '17:19:00', '2019-03-19', 'vulputate justo in blandit ultrices enim lorem ipsum dolor'),
(1218, 28, 4, 3, '12:50:00', '17:19:00', '2019-03-19', 'adipiscing lorem vitae mattis nibh ligula nec'),
(1219, 29, 4, 1, '12:54:00', '17:13:00', '2019-03-19', 'faucibus orci luctus et ultrices posuere cubilia curae'),
(1220, 30, 3, 1, '13:27:00', '16:28:00', '2019-03-19', 'ultricies eu nibh quisque id justo sit'),
(1221, 31, 1, 1, '13:06:00', '16:53:00', '2019-03-19', 'a nibh in quis justo'),
(1222, 32, 3, 1, '13:04:00', '16:55:00', '2019-03-19', 'aliquam non mauris morbi non lectus aliquam sit amet diam'),
(1223, 33, 3, 2, '13:02:00', '16:24:00', '2019-03-19', 'iaculis justo in hac habitasse platea dictumst etiam'),
(1224, 34, 2, 2, '13:29:00', '16:21:00', '2019-03-19', 'posuere metus vitae ipsum aliquam non'),
(1225, 35, 5, 3, '13:27:00', '15:42:00', '2019-03-19', 'quis augue luctus tincidunt nulla'),
(1226, 1, 2, 1, '12:49:00', '16:50:00', '2019-03-20', 'quam pharetra magna ac consequat metus sapien ut nunc vestibulum'),
(1227, 2, 3, 1, '13:13:00', '17:25:00', '2019-03-20', 'ac tellus semper interdum mauris'),
(1228, 3, 1, 1, '13:17:00', '16:09:00', '2019-03-20', 'ipsum dolor sit amet consectetuer adipiscing elit proin risus praesent'),
(1229, 4, 4, 1, '12:38:00', '15:44:00', '2019-03-20', 'id massa id nisl venenatis lacinia aenean sit'),
(1230, 5, 3, 1, '13:15:00', '16:36:00', '2019-03-20', 'curabitur gravida nisi at nibh in hac habitasse platea'),
(1231, 6, 5, 2, '12:44:00', '16:02:00', '2019-03-20', 'et ultrices posuere cubilia curae duis faucibus'),
(1232, 7, 2, 1, '12:37:00', '16:20:00', '2019-03-20', 'dui maecenas tristique est et tempus semper'),
(1233, 8, 1, 1, '12:59:00', '16:57:00', '2019-03-20', 'nunc donec quis orci eget orci vehicula condimentum curabitur in'),
(1234, 9, 5, 1, '12:40:00', '16:27:00', '2019-03-20', 'nunc rhoncus dui vel sem sed sagittis nam'),
(1235, 10, 5, 1, '12:51:00', '15:48:00', '2019-03-20', 'nulla justo aliquam quis turpis eget'),
(1236, 11, 4, 1, '13:04:00', '16:45:00', '2019-03-20', 'ac nulla sed vel enim sit amet nunc'),
(1237, 12, 5, 1, '12:38:00', '16:42:00', '2019-03-20', 'consectetuer adipiscing elit proin risus'),
(1238, 13, 4, 1, '13:08:00', '15:30:00', '2019-03-20', 'mattis odio donec vitae nisi nam ultrices'),
(1239, 14, 2, 1, '12:57:00', '17:05:00', '2019-03-20', 'nulla integer pede justo lacinia eget'),
(1240, 15, 2, 2, '13:04:00', '16:39:00', '2019-03-20', 'dolor sit amet consectetuer adipiscing'),
(1241, 16, 5, 4, '13:24:00', '16:08:00', '2019-03-20', 'ut volutpat sapien arcu sed augue aliquam erat volutpat in'),
(1242, 17, 1, 1, '13:18:00', '17:03:00', '2019-03-20', 'sit amet nulla quisque arcu'),
(1243, 18, 1, 1, '12:30:00', '17:23:00', '2019-03-20', 'quisque ut erat curabitur gravida'),
(1244, 19, 3, 1, '13:01:00', '16:37:00', '2019-03-20', 'dolor vel est donec odio justo'),
(1245, 20, 2, 1, '13:22:00', '17:24:00', '2019-03-20', 'rhoncus mauris enim leo rhoncus sed vestibulum sit amet'),
(1246, 21, 4, 1, '13:27:00', '16:21:00', '2019-03-20', 'ut nunc vestibulum ante ipsum primis in faucibus orci'),
(1247, 22, 3, 1, '13:09:00', '15:46:00', '2019-03-20', 'nulla tempus vivamus in felis eu sapien cursus'),
(1248, 23, 2, 1, '13:05:00', '15:38:00', '2019-03-20', 'magna vestibulum aliquet ultrices erat tortor sollicitudin mi sit amet'),
(1249, 24, 5, 1, '13:20:00', '15:58:00', '2019-03-20', 'sapien placerat ante nulla justo aliquam'),
(1250, 25, 5, 1, '12:57:00', '15:51:00', '2019-03-20', 'augue a suscipit nulla elit ac nulla sed vel enim'),
(1251, 26, 5, 2, '12:59:00', '16:40:00', '2019-03-20', 'eget nunc donec quis orci eget orci vehicula condimentum'),
(1252, 27, 5, 1, '12:36:00', '16:39:00', '2019-03-20', 'ut suscipit a feugiat et'),
(1253, 28, 1, 1, '12:40:00', '15:51:00', '2019-03-20', 'lacus at turpis donec posuere metus vitae ipsum aliquam non'),
(1254, 29, 2, 1, '13:23:00', '15:51:00', '2019-03-20', 'sed ante vivamus tortor duis'),
(1255, 30, 2, 1, '13:24:00', '16:24:00', '2019-03-20', 'amet justo morbi ut odio cras mi'),
(1256, 31, 2, 2, '13:24:00', '16:15:00', '2019-03-20', 'in consequat ut nulla sed accumsan felis ut at'),
(1257, 32, 3, 4, '13:16:00', '16:04:00', '2019-03-20', 'nonummy maecenas tincidunt lacus at velit vivamus vel nulla eget'),
(1258, 33, 4, 1, '13:22:00', '17:22:00', '2019-03-20', 'lorem id ligula suspendisse ornare consequat'),
(1259, 34, 1, 1, '12:30:00', '16:25:00', '2019-03-20', 'posuere cubilia curae donec pharetra magna vestibulum aliquet'),
(1260, 35, 4, 3, '12:49:00', '16:37:00', '2019-03-20', 'aliquam non mauris morbi non lectus aliquam'),
(1261, 1, 5, 1, '13:14:00', '16:37:00', '2019-03-21', 'turpis elementum ligula vehicula consequat'),
(1262, 2, 5, 1, '13:26:00', '15:59:00', '2019-03-21', 'mollis molestie lorem quisque ut erat curabitur'),
(1263, 3, 5, 1, '12:43:00', '17:12:00', '2019-03-21', 'mattis egestas metus aenean fermentum donec'),
(1264, 4, 5, 1, '13:20:00', '15:34:00', '2019-03-21', 'mauris ullamcorper purus sit amet nulla quisque'),
(1265, 5, 1, 1, '13:28:00', '15:48:00', '2019-03-21', 'quam turpis adipiscing lorem vitae mattis nibh ligula'),
(1266, 6, 2, 1, '13:02:00', '16:17:00', '2019-03-21', 'volutpat dui maecenas tristique est et tempus semper est'),
(1267, 7, 5, 1, '13:05:00', '16:56:00', '2019-03-21', 'in hac habitasse platea dictumst morbi'),
(1268, 8, 1, 1, '12:47:00', '16:05:00', '2019-03-21', 'eget vulputate ut ultrices vel'),
(1269, 9, 5, 4, '12:46:00', '15:33:00', '2019-03-21', 'sed tincidunt eu felis fusce posuere felis'),
(1270, 10, 4, 1, '13:15:00', '17:17:00', '2019-03-21', 'amet diam in magna bibendum'),
(1271, 11, 4, 1, '13:04:00', '16:54:00', '2019-03-21', 'venenatis non sodales sed tincidunt'),
(1272, 12, 4, 1, '13:27:00', '15:31:00', '2019-03-21', 'donec posuere metus vitae ipsum aliquam non'),
(1273, 13, 4, 1, '13:27:00', '15:58:00', '2019-03-21', 'mattis nibh ligula nec sem duis aliquam convallis'),
(1274, 14, 1, 1, '13:14:00', '16:10:00', '2019-03-21', 'rhoncus dui vel sem sed sagittis nam'),
(1275, 15, 2, 4, '12:37:00', '15:36:00', '2019-03-21', 'tempus sit amet sem fusce consequat nulla nisl nunc nisl'),
(1276, 16, 5, 1, '13:03:00', '15:44:00', '2019-03-21', 'vel nulla eget eros elementum'),
(1277, 17, 4, 3, '12:41:00', '16:43:00', '2019-03-21', 'nulla tellus in sagittis dui vel nisl duis'),
(1278, 18, 2, 1, '12:45:00', '17:16:00', '2019-03-21', 'sagittis nam congue risus semper porta volutpat'),
(1279, 19, 3, 1, '13:20:00', '17:18:00', '2019-03-21', 'turpis donec posuere metus vitae ipsum aliquam non mauris morbi'),
(1280, 20, 2, 1, '13:10:00', '16:57:00', '2019-03-21', 'quis turpis sed ante vivamus tortor duis'),
(1281, 21, 4, 1, '12:42:00', '16:55:00', '2019-03-21', 'sit amet nunc viverra dapibus nulla suscipit ligula'),
(1282, 22, 4, 1, '13:28:00', '17:12:00', '2019-03-21', 'maecenas tristique est et tempus semper est quam pharetra magna'),
(1283, 23, 2, 1, '13:24:00', '15:48:00', '2019-03-21', 'pede libero quis orci nullam molestie nibh in'),
(1284, 24, 5, 1, '13:26:00', '16:25:00', '2019-03-21', 'nisl ut volutpat sapien arcu sed'),
(1285, 25, 5, 1, '13:23:00', '17:23:00', '2019-03-21', 'ultricies eu nibh quisque id justo sit amet sapien'),
(1286, 26, 4, 5, '13:05:00', '16:34:00', '2019-03-21', 'nascetur ridiculus mus etiam vel augue vestibulum rutrum rutrum neque'),
(1287, 27, 3, 1, '13:15:00', '16:24:00', '2019-03-21', 'amet eros suspendisse accumsan tortor quis turpis sed'),
(1288, 28, 5, 1, '12:53:00', '17:16:00', '2019-03-21', 'phasellus in felis donec semper'),
(1289, 29, 5, 1, '13:10:00', '15:40:00', '2019-03-21', 'bibendum felis sed interdum venenatis'),
(1290, 30, 4, 1, '12:35:00', '16:12:00', '2019-03-21', 'eros viverra eget congue eget semper'),
(1291, 31, 5, 1, '13:23:00', '15:51:00', '2019-03-21', 'lorem id ligula suspendisse ornare consequat lectus'),
(1292, 32, 5, 1, '12:52:00', '16:39:00', '2019-03-21', 'velit vivamus vel nulla eget eros'),
(1293, 33, 5, 1, '12:50:00', '17:20:00', '2019-03-21', 'dapibus at diam nam tristique tortor'),
(1294, 34, 4, 1, '12:59:00', '15:53:00', '2019-03-21', 'ullamcorper purus sit amet nulla quisque arcu libero'),
(1295, 35, 2, 1, '13:19:00', '16:59:00', '2019-03-21', 'orci eget orci vehicula condimentum curabitur in'),
(1296, 1, 4, 1, '12:50:00', '16:14:00', '2019-03-22', 'convallis tortor risus dapibus augue vel accumsan tellus nisi'),
(1297, 2, 3, 2, '13:05:00', '16:31:00', '2019-03-22', 'libero rutrum ac lobortis vel dapibus at diam nam'),
(1298, 3, 2, 2, '12:38:00', '15:38:00', '2019-03-22', 'id ornare imperdiet sapien urna pretium nisl ut volutpat'),
(1299, 4, 3, 1, '12:43:00', '16:36:00', '2019-03-22', 'aliquet ultrices erat tortor sollicitudin'),
(1300, 5, 3, 1, '13:24:00', '17:14:00', '2019-03-22', 'quisque ut erat curabitur gravida nisi at'),
(1301, 6, 1, 1, '13:20:00', '16:47:00', '2019-03-22', 'in quam fringilla rhoncus mauris enim leo rhoncus sed'),
(1302, 7, 2, 1, '13:29:00', '17:18:00', '2019-03-22', 'dui nec nisi volutpat eleifend'),
(1303, 8, 2, 1, '13:12:00', '16:13:00', '2019-03-22', 'velit id pretium iaculis diam erat fermentum'),
(1304, 9, 3, 1, '13:13:00', '15:37:00', '2019-03-22', 'rutrum at lorem integer tincidunt ante vel ipsum praesent'),
(1305, 10, 4, 1, '13:08:00', '16:59:00', '2019-03-22', 'nunc vestibulum ante ipsum primis in faucibus orci luctus et'),
(1306, 11, 2, 1, '13:21:00', '15:38:00', '2019-03-22', 'nibh ligula nec sem duis aliquam convallis nunc proin'),
(1307, 12, 2, 1, '13:06:00', '16:51:00', '2019-03-22', 'consequat morbi a ipsum integer a nibh in quis justo'),
(1308, 13, 5, 1, '13:06:00', '16:59:00', '2019-03-22', 'ut tellus nulla ut erat id mauris vulputate elementum nullam'),
(1309, 14, 2, 1, '12:40:00', '16:04:00', '2019-03-22', 'integer ac neque duis bibendum'),
(1310, 15, 4, 1, '13:06:00', '16:24:00', '2019-03-22', 'nulla pede ullamcorper augue a'),
(1311, 16, 4, 1, '13:29:00', '17:18:00', '2019-03-22', 'sapien iaculis congue vivamus metus arcu'),
(1312, 17, 1, 1, '13:25:00', '16:02:00', '2019-03-22', 'eget eros elementum pellentesque quisque porta volutpat erat'),
(1313, 18, 5, 1, '12:43:00', '16:35:00', '2019-03-22', 'placerat ante nulla justo aliquam quis turpis eget elit sodales'),
(1314, 19, 3, 1, '12:33:00', '17:06:00', '2019-03-22', 'eget massa tempor convallis nulla neque libero'),
(1315, 20, 5, 1, '12:52:00', '17:10:00', '2019-03-22', 'mi integer ac neque duis bibendum morbi non quam nec'),
(1316, 21, 1, 1, '13:19:00', '16:54:00', '2019-03-22', 'nulla elit ac nulla sed vel'),
(1317, 22, 1, 1, '13:22:00', '16:13:00', '2019-03-22', 'feugiat et eros vestibulum ac est lacinia nisi'),
(1318, 23, 5, 1, '12:40:00', '16:33:00', '2019-03-22', 'luctus nec molestie sed justo pellentesque viverra pede ac'),
(1319, 24, 2, 1, '12:54:00', '16:03:00', '2019-03-22', 'at nulla suspendisse potenti cras in'),
(1320, 25, 2, 1, '13:07:00', '16:50:00', '2019-03-22', 'cursus id turpis integer aliquet massa id lobortis convallis'),
(1321, 26, 4, 1, '13:07:00', '15:46:00', '2019-03-22', 'nibh in hac habitasse platea dictumst'),
(1322, 27, 1, 1, '13:08:00', '16:40:00', '2019-03-22', 'tincidunt nulla mollis molestie lorem quisque ut erat'),
(1323, 28, 5, 1, '12:56:00', '17:02:00', '2019-03-22', 'at vulputate vitae nisl aenean lectus pellentesque eget nunc donec'),
(1324, 29, 3, 4, '12:50:00', '15:48:00', '2019-03-22', 'ultrices mattis odio donec vitae nisi nam ultrices libero non'),
(1325, 30, 2, 1, '13:28:00', '16:40:00', '2019-03-22', 'erat eros viverra eget congue'),
(1326, 31, 1, 1, '12:52:00', '16:55:00', '2019-03-22', 'in blandit ultrices enim lorem'),
(1327, 32, 5, 1, '13:11:00', '15:52:00', '2019-03-22', 'enim leo rhoncus sed vestibulum sit amet cursus id'),
(1328, 33, 5, 1, '13:13:00', '16:07:00', '2019-03-22', 'nunc rhoncus dui vel sem sed sagittis nam congue risus'),
(1329, 34, 4, 1, '13:09:00', '17:16:00', '2019-03-22', 'nulla sed accumsan felis ut at dolor'),
(1330, 35, 3, 1, '13:11:00', '16:25:00', '2019-03-22', 'aenean lectus pellentesque eget nunc donec'),
(1331, 1, 1, 1, '12:54:00', '16:45:00', '2019-03-25', 'aenean fermentum donec ut mauris eget massa'),
(1332, 2, 4, 5, '13:03:00', '16:06:00', '2019-03-25', 'maecenas rhoncus aliquam lacus morbi quis'),
(1333, 3, 1, 1, '12:33:00', '16:30:00', '2019-03-25', 'scelerisque mauris sit amet eros suspendisse'),
(1334, 4, 3, 5, '13:09:00', '15:54:00', '2019-03-25', 'quis lectus suspendisse potenti in eleifend quam a'),
(1335, 5, 2, 1, '12:44:00', '16:15:00', '2019-03-25', 'habitasse platea dictumst maecenas ut massa'),
(1336, 6, 1, 2, '12:56:00', '17:05:00', '2019-03-25', 'quam sapien varius ut blandit non interdum in ante vestibulum'),
(1337, 7, 1, 1, '12:54:00', '15:42:00', '2019-03-25', 'dapibus at diam nam tristique'),
(1338, 8, 3, 1, '13:23:00', '16:06:00', '2019-03-25', 'nulla quisque arcu libero rutrum ac'),
(1339, 9, 1, 1, '13:25:00', '17:20:00', '2019-03-25', 'turpis donec posuere metus vitae ipsum aliquam'),
(1340, 10, 4, 1, '13:01:00', '15:47:00', '2019-03-25', 'in faucibus orci luctus et ultrices posuere cubilia'),
(1341, 11, 2, 1, '12:56:00', '16:10:00', '2019-03-25', 'in est risus auctor sed tristique in tempus sit'),
(1342, 12, 5, 1, '12:38:00', '16:27:00', '2019-03-25', 'metus vitae ipsum aliquam non mauris'),
(1343, 13, 4, 1, '12:41:00', '15:51:00', '2019-03-25', 'amet nulla quisque arcu libero rutrum ac'),
(1344, 14, 3, 1, '13:10:00', '16:13:00', '2019-03-25', 'aliquam quis turpis eget elit sodales scelerisque mauris sit amet'),
(1345, 15, 2, 4, '13:23:00', '16:16:00', '2019-03-25', 'cras non velit nec nisi vulputate'),
(1346, 16, 4, 3, '12:58:00', '16:09:00', '2019-03-25', 'praesent lectus vestibulum quam sapien varius'),
(1347, 17, 3, 1, '13:12:00', '17:03:00', '2019-03-25', 'donec diam neque vestibulum eget vulputate'),
(1348, 18, 2, 1, '12:47:00', '16:34:00', '2019-03-25', 'mauris sit amet eros suspendisse accumsan'),
(1349, 19, 4, 1, '12:35:00', '16:55:00', '2019-03-25', 'venenatis tristique fusce congue diam id'),
(1350, 20, 4, 1, '13:05:00', '16:18:00', '2019-03-25', 'eu massa donec dapibus duis at velit eu est'),
(1351, 21, 5, 1, '13:20:00', '16:30:00', '2019-03-25', 'quisque id justo sit amet sapien dignissim vestibulum'),
(1352, 22, 2, 1, '13:00:00', '16:12:00', '2019-03-25', 'vestibulum ante ipsum primis in faucibus orci luctus et ultrices'),
(1353, 23, 2, 1, '12:42:00', '15:55:00', '2019-03-25', 'ornare consequat lectus in est'),
(1354, 24, 2, 1, '13:19:00', '16:24:00', '2019-03-25', 'iaculis congue vivamus metus arcu adipiscing molestie hendrerit'),
(1355, 25, 4, 1, '12:49:00', '17:12:00', '2019-03-25', 'justo in hac habitasse platea dictumst etiam faucibus'),
(1356, 26, 2, 1, '12:35:00', '16:11:00', '2019-03-25', 'sagittis sapien cum sociis natoque penatibus et magnis'),
(1357, 27, 2, 1, '12:52:00', '16:22:00', '2019-03-25', 'nunc viverra dapibus nulla suscipit ligula'),
(1358, 28, 1, 1, '13:20:00', '17:21:00', '2019-03-25', 'suspendisse potenti nullam porttitor lacus at turpis donec'),
(1359, 29, 2, 1, '13:06:00', '16:55:00', '2019-03-25', 'nunc vestibulum ante ipsum primis in'),
(1360, 30, 2, 1, '13:20:00', '17:02:00', '2019-03-25', 'lobortis sapien sapien non mi integer ac'),
(1361, 31, 5, 1, '12:38:00', '15:47:00', '2019-03-25', 'amet lobortis sapien sapien non mi integer ac'),
(1362, 32, 5, 1, '12:55:00', '17:18:00', '2019-03-25', 'sed sagittis nam congue risus'),
(1363, 33, 1, 1, '13:05:00', '17:04:00', '2019-03-25', 'sed sagittis nam congue risus'),
(1364, 34, 4, 1, '12:44:00', '16:36:00', '2019-03-25', 'rhoncus mauris enim leo rhoncus sed vestibulum'),
(1365, 35, 2, 3, '13:26:00', '16:42:00', '2019-03-25', 'purus sit amet nulla quisque'),
(1366, 1, 4, 1, '12:34:00', '16:42:00', '2019-03-26', 'natoque penatibus et magnis dis parturient montes nascetur ridiculus'),
(1367, 2, 2, 1, '12:54:00', '15:37:00', '2019-03-26', 'cursus urna ut tellus nulla ut erat id mauris'),
(1368, 3, 5, 1, '12:43:00', '16:59:00', '2019-03-26', 'tellus in sagittis dui vel'),
(1369, 4, 1, 1, '12:54:00', '17:17:00', '2019-03-26', 'diam in magna bibendum imperdiet nullam orci'),
(1370, 5, 5, 1, '13:22:00', '17:10:00', '2019-03-26', 'mattis pulvinar nulla pede ullamcorper augue'),
(1371, 6, 5, 4, '12:55:00', '16:31:00', '2019-03-26', 'orci luctus et ultrices posuere cubilia curae'),
(1372, 7, 3, 1, '13:18:00', '16:38:00', '2019-03-26', 'ac est lacinia nisi venenatis tristique fusce'),
(1373, 8, 5, 1, '12:34:00', '17:23:00', '2019-03-26', 'hac habitasse platea dictumst etiam faucibus cursus'),
(1374, 9, 3, 1, '12:47:00', '16:03:00', '2019-03-26', 'dolor quis odio consequat varius integer ac leo pellentesque ultrices'),
(1375, 10, 4, 1, '13:14:00', '16:39:00', '2019-03-26', 'est congue elementum in hac habitasse platea dictumst morbi'),
(1376, 11, 2, 1, '12:30:00', '15:35:00', '2019-03-26', 'ac consequat metus sapien ut'),
(1377, 12, 4, 1, '13:02:00', '16:49:00', '2019-03-26', 'nisi at nibh in hac habitasse platea dictumst aliquam'),
(1378, 13, 4, 1, '13:27:00', '16:28:00', '2019-03-26', 'nonummy integer non velit donec diam'),
(1379, 14, 3, 1, '13:14:00', '16:20:00', '2019-03-26', 'a ipsum integer a nibh in quis justo maecenas'),
(1380, 15, 3, 1, '12:48:00', '15:58:00', '2019-03-26', 'in magna bibendum imperdiet nullam'),
(1381, 16, 2, 1, '13:23:00', '17:07:00', '2019-03-26', 'vel accumsan tellus nisi eu orci mauris lacinia sapien quis'),
(1382, 17, 1, 1, '12:41:00', '16:06:00', '2019-03-26', 'duis bibendum morbi non quam'),
(1383, 18, 4, 2, '12:53:00', '16:07:00', '2019-03-26', 'neque duis bibendum morbi non quam nec dui'),
(1384, 19, 4, 1, '12:44:00', '16:32:00', '2019-03-26', 'ut at dolor quis odio consequat varius'),
(1385, 20, 1, 2, '12:46:00', '15:58:00', '2019-03-26', 'nulla neque libero convallis eget eleifend luctus ultricies eu nibh'),
(1386, 21, 1, 1, '12:46:00', '16:12:00', '2019-03-26', 'eu nibh quisque id justo sit'),
(1387, 22, 3, 3, '13:03:00', '16:43:00', '2019-03-26', 'metus vitae ipsum aliquam non mauris morbi non'),
(1388, 23, 1, 1, '13:04:00', '17:01:00', '2019-03-26', 'cubilia curae duis faucibus accumsan odio'),
(1389, 24, 4, 1, '12:48:00', '16:41:00', '2019-03-26', 'ipsum primis in faucibus orci luctus et ultrices posuere'),
(1390, 25, 3, 1, '13:11:00', '15:55:00', '2019-03-26', 'odio porttitor id consequat in consequat'),
(1391, 26, 2, 1, '13:28:00', '16:48:00', '2019-03-26', 'pede libero quis orci nullam'),
(1392, 27, 5, 2, '13:28:00', '17:26:00', '2019-03-26', 'amet turpis elementum ligula vehicula'),
(1393, 28, 5, 1, '13:02:00', '15:35:00', '2019-03-26', 'curae nulla dapibus dolor vel est donec odio'),
(1394, 29, 3, 1, '13:15:00', '16:39:00', '2019-03-26', 'in magna bibendum imperdiet nullam'),
(1395, 30, 4, 1, '13:20:00', '16:17:00', '2019-03-26', 'ipsum ac tellus semper interdum'),
(1396, 31, 2, 1, '12:53:00', '16:01:00', '2019-03-26', 'convallis eget eleifend luctus ultricies eu nibh quisque id'),
(1397, 32, 4, 1, '12:51:00', '17:11:00', '2019-03-26', 'vulputate nonummy maecenas tincidunt lacus'),
(1398, 33, 4, 1, '12:32:00', '16:54:00', '2019-03-26', 'donec ut mauris eget massa tempor convallis nulla'),
(1399, 34, 2, 1, '12:36:00', '16:36:00', '2019-03-26', 'ultrices posuere cubilia curae duis'),
(1400, 35, 4, 1, '12:45:00', '16:41:00', '2019-03-26', 'vitae quam suspendisse potenti nullam porttitor lacus at turpis'),
(1401, 1, 1, 3, '13:16:00', '17:13:00', '2019-03-27', 'aenean sit amet justo morbi'),
(1402, 2, 1, 1, '12:31:00', '15:55:00', '2019-03-27', 'aenean sit amet justo morbi ut'),
(1403, 3, 5, 1, '13:03:00', '16:29:00', '2019-03-27', 'sem sed sagittis nam congue risus semper'),
(1404, 4, 5, 1, '12:36:00', '16:48:00', '2019-03-27', 'phasellus id sapien in sapien iaculis congue vivamus metus'),
(1405, 5, 1, 1, '13:28:00', '17:01:00', '2019-03-27', 'sit amet lobortis sapien sapien non mi integer'),
(1406, 6, 5, 1, '12:55:00', '16:25:00', '2019-03-27', 'volutpat sapien arcu sed augue aliquam erat volutpat in'),
(1407, 7, 2, 1, '12:50:00', '17:27:00', '2019-03-27', 'odio condimentum id luctus nec molestie sed justo pellentesque viverra'),
(1408, 8, 3, 1, '12:51:00', '17:20:00', '2019-03-27', 'est phasellus sit amet erat nulla tempus vivamus in'),
(1409, 9, 2, 2, '12:50:00', '15:34:00', '2019-03-27', 'id pretium iaculis diam erat'),
(1410, 10, 2, 1, '13:12:00', '16:41:00', '2019-03-27', 'odio in hac habitasse platea dictumst maecenas'),
(1411, 11, 5, 1, '13:24:00', '16:12:00', '2019-03-27', 'nonummy maecenas tincidunt lacus at velit vivamus vel nulla'),
(1412, 12, 5, 2, '13:12:00', '16:47:00', '2019-03-27', 'dictumst aliquam augue quam sollicitudin vitae'),
(1413, 13, 4, 2, '12:54:00', '16:37:00', '2019-03-27', 'primis in faucibus orci luctus et'),
(1414, 14, 2, 1, '12:43:00', '16:48:00', '2019-03-27', 'sagittis nam congue risus semper porta volutpat quam'),
(1415, 15, 3, 1, '13:06:00', '16:52:00', '2019-03-27', 'auctor gravida sem praesent id massa id nisl venenatis lacinia'),
(1416, 16, 2, 1, '13:21:00', '16:08:00', '2019-03-27', 'condimentum neque sapien placerat ante nulla justo aliquam'),
(1417, 17, 5, 1, '13:20:00', '16:50:00', '2019-03-27', 'ut mauris eget massa tempor convallis nulla neque libero'),
(1418, 18, 4, 1, '13:25:00', '17:04:00', '2019-03-27', 'volutpat dui maecenas tristique est et tempus'),
(1419, 19, 5, 4, '12:36:00', '16:42:00', '2019-03-27', 'orci vehicula condimentum curabitur in libero ut massa'),
(1420, 20, 5, 1, '13:12:00', '15:41:00', '2019-03-27', 'vel augue vestibulum rutrum rutrum neque aenean auctor gravida sem'),
(1421, 21, 1, 1, '13:06:00', '16:20:00', '2019-03-27', 'in purus eu magna vulputate'),
(1422, 22, 2, 5, '13:15:00', '16:17:00', '2019-03-27', 'sociis natoque penatibus et magnis dis parturient montes nascetur'),
(1423, 23, 2, 1, '13:13:00', '17:05:00', '2019-03-27', 'nunc nisl duis bibendum felis sed interdum venenatis'),
(1424, 24, 5, 1, '13:06:00', '16:55:00', '2019-03-27', 'eleifend quam a odio in hac'),
(1425, 25, 2, 3, '12:48:00', '17:13:00', '2019-03-27', 'duis bibendum morbi non quam nec dui luctus rutrum nulla'),
(1426, 26, 4, 3, '13:02:00', '15:57:00', '2019-03-27', 'justo aliquam quis turpis eget elit'),
(1427, 27, 3, 1, '13:09:00', '16:39:00', '2019-03-27', 'pellentesque quisque porta volutpat erat quisque erat eros viverra'),
(1428, 28, 5, 1, '13:16:00', '15:45:00', '2019-03-27', 'vestibulum velit id pretium iaculis diam erat fermentum justo'),
(1429, 29, 5, 1, '12:49:00', '17:10:00', '2019-03-27', 'quisque ut erat curabitur gravida nisi at nibh in'),
(1430, 30, 4, 1, '13:11:00', '16:34:00', '2019-03-27', 'nascetur ridiculus mus vivamus vestibulum sagittis sapien cum sociis'),
(1431, 31, 5, 1, '13:13:00', '17:28:00', '2019-03-27', 'leo maecenas pulvinar lobortis est phasellus sit amet'),
(1432, 32, 4, 1, '12:55:00', '17:21:00', '2019-03-27', 'nam ultrices libero non mattis pulvinar nulla'),
(1433, 33, 5, 1, '12:40:00', '15:55:00', '2019-03-27', 'sagittis dui vel nisl duis ac nibh fusce lacus'),
(1434, 34, 5, 1, '12:57:00', '15:50:00', '2019-03-27', 'potenti cras in purus eu magna vulputate'),
(1435, 35, 5, 1, '12:37:00', '16:40:00', '2019-03-27', 'blandit ultrices enim lorem ipsum dolor sit amet consectetuer adipiscing'),
(1436, 1, 4, 1, '13:10:00', '17:08:00', '2019-03-28', 'donec posuere metus vitae ipsum aliquam non'),
(1437, 2, 5, 1, '13:20:00', '16:13:00', '2019-03-28', 'nam dui proin leo odio porttitor id consequat in'),
(1438, 3, 4, 1, '13:22:00', '16:45:00', '2019-03-28', 'aliquam sit amet diam in magna'),
(1439, 4, 3, 1, '12:52:00', '16:11:00', '2019-03-28', 'nulla suscipit ligula in lacus curabitur at'),
(1440, 5, 5, 1, '13:08:00', '17:13:00', '2019-03-28', 'lectus aliquam sit amet diam in');
INSERT INTO `timesheets_timesheet` (`timesheet_id`, `user_id`, `project_id`, `activity_id`, `time_in`, `time_out`, `date`, `note`) VALUES
(1441, 6, 3, 1, '13:02:00', '16:58:00', '2019-03-28', 'vel est donec odio justo sollicitudin ut'),
(1442, 7, 2, 1, '13:25:00', '15:47:00', '2019-03-28', 'sit amet consectetuer adipiscing elit proin'),
(1443, 8, 5, 1, '12:33:00', '16:03:00', '2019-03-28', 'sed vestibulum sit amet cursus id turpis integer'),
(1444, 9, 2, 1, '12:44:00', '16:02:00', '2019-03-28', 'orci luctus et ultrices posuere cubilia curae nulla dapibus dolor'),
(1445, 10, 5, 1, '13:10:00', '16:45:00', '2019-03-28', 'lorem quisque ut erat curabitur gravida nisi at'),
(1446, 11, 2, 1, '13:00:00', '15:45:00', '2019-03-28', 'ligula sit amet eleifend pede libero quis orci nullam molestie'),
(1447, 12, 5, 1, '13:01:00', '17:09:00', '2019-03-28', 'ipsum integer a nibh in quis justo maecenas rhoncus aliquam'),
(1448, 13, 2, 1, '13:17:00', '15:44:00', '2019-03-28', 'faucibus cursus urna ut tellus nulla ut erat id mauris'),
(1449, 14, 4, 1, '12:37:00', '16:43:00', '2019-03-28', 'tempus vel pede morbi porttitor lorem id ligula suspendisse'),
(1450, 15, 4, 1, '13:09:00', '17:23:00', '2019-03-28', 'ante nulla justo aliquam quis turpis eget'),
(1451, 16, 4, 3, '12:44:00', '16:04:00', '2019-03-28', 'in quis justo maecenas rhoncus aliquam'),
(1452, 17, 3, 1, '12:34:00', '17:25:00', '2019-03-28', 'et ultrices posuere cubilia curae donec pharetra magna'),
(1453, 18, 2, 1, '12:40:00', '16:50:00', '2019-03-28', 'tincidunt eu felis fusce posuere felis sed lacus morbi sem'),
(1454, 19, 4, 1, '12:59:00', '16:31:00', '2019-03-28', 'diam neque vestibulum eget vulputate ut ultrices vel'),
(1455, 20, 4, 3, '13:09:00', '15:43:00', '2019-03-28', 'blandit nam nulla integer pede justo lacinia'),
(1456, 21, 2, 1, '12:38:00', '17:27:00', '2019-03-28', 'nunc vestibulum ante ipsum primis in faucibus orci'),
(1457, 22, 5, 4, '13:01:00', '15:31:00', '2019-03-28', 'tincidunt in leo maecenas pulvinar lobortis est'),
(1458, 23, 4, 4, '13:24:00', '15:35:00', '2019-03-28', 'eget eleifend luctus ultricies eu'),
(1459, 24, 2, 1, '12:39:00', '16:35:00', '2019-03-28', 'dapibus augue vel accumsan tellus nisi eu orci mauris'),
(1460, 25, 1, 5, '13:19:00', '17:29:00', '2019-03-28', 'nascetur ridiculus mus vivamus vestibulum sagittis sapien cum'),
(1461, 26, 3, 5, '13:26:00', '15:37:00', '2019-03-28', 'volutpat dui maecenas tristique est et tempus semper est quam'),
(1462, 27, 5, 5, '12:54:00', '15:44:00', '2019-03-28', 'vel enim sit amet nunc viverra dapibus nulla suscipit ligula'),
(1463, 28, 5, 1, '13:10:00', '17:06:00', '2019-03-28', 'nulla nunc purus phasellus in'),
(1464, 29, 4, 1, '13:09:00', '16:02:00', '2019-03-28', 'erat quisque erat eros viverra eget congue eget semper'),
(1465, 30, 3, 4, '13:17:00', '15:35:00', '2019-03-28', 'vitae mattis nibh ligula nec'),
(1466, 31, 5, 1, '13:20:00', '16:07:00', '2019-03-28', 'ac lobortis vel dapibus at diam nam tristique'),
(1467, 32, 3, 1, '13:19:00', '16:56:00', '2019-03-28', 'posuere nonummy integer non velit donec diam neque'),
(1468, 33, 5, 1, '13:16:00', '15:47:00', '2019-03-28', 'fusce congue diam id ornare'),
(1469, 34, 2, 1, '12:43:00', '15:34:00', '2019-03-28', 'accumsan tortor quis turpis sed ante'),
(1470, 35, 4, 1, '13:17:00', '17:13:00', '2019-03-28', 'elit proin risus praesent lectus vestibulum quam sapien varius');

-- --------------------------------------------------------

--
-- Table structure for table `timesheets_user`
--

CREATE TABLE IF NOT EXISTS `timesheets_user` (
`user_id` int(11) NOT NULL,
  `username` varchar(50) COLLATE utf8_bin NOT NULL,
  `passwordHash` varchar(255) COLLATE utf8_bin NOT NULL
) ENGINE=InnoDB AUTO_INCREMENT=36 DEFAULT CHARSET=utf8 COLLATE=utf8_bin;

--
-- Dumping data for table `timesheets_user`
--

INSERT INTO `timesheets_user` (`user_id`, `username`, `passwordHash`) VALUES
(1, 'admin', '$2y$10$9JBV7e9JB.RhlZDn7eDJ3.z061hHfbOEPURE.JpOYWxOm6A/AnCj2'),
(2, 'Abner', '$2y$10$9JBV7e9JB.RhlZDn7eDJ3.z061hHfbOEPURE.JpOYWxOm6A/AnCj2'),
(3, 'Sibella', '$2y$10$9JBV7e9JB.RhlZDn7eDJ3.z061hHfbOEPURE.JpOYWxOm6A/AnCj2'),
(4, 'Tyson', '$2y$10$9JBV7e9JB.RhlZDn7eDJ3.z061hHfbOEPURE.JpOYWxOm6A/AnCj2'),
(5, 'Mae', '$2y$10$9JBV7e9JB.RhlZDn7eDJ3.z061hHfbOEPURE.JpOYWxOm6A/AnCj2'),
(6, 'Katuscha', '$2y$10$9JBV7e9JB.RhlZDn7eDJ3.z061hHfbOEPURE.JpOYWxOm6A/AnCj2'),
(7, 'Valaria', '$2y$10$9JBV7e9JB.RhlZDn7eDJ3.z061hHfbOEPURE.JpOYWxOm6A/AnCj2'),
(8, 'Kathie', '$2y$10$9JBV7e9JB.RhlZDn7eDJ3.z061hHfbOEPURE.JpOYWxOm6A/AnCj2'),
(9, 'Briant', '$2y$10$9JBV7e9JB.RhlZDn7eDJ3.z061hHfbOEPURE.JpOYWxOm6A/AnCj2'),
(10, 'Madelina', '$2y$10$9JBV7e9JB.RhlZDn7eDJ3.z061hHfbOEPURE.JpOYWxOm6A/AnCj2'),
(11, 'Clemmy', '$2y$10$9JBV7e9JB.RhlZDn7eDJ3.z061hHfbOEPURE.JpOYWxOm6A/AnCj2'),
(12, 'Bryn', '$2y$10$9JBV7e9JB.RhlZDn7eDJ3.z061hHfbOEPURE.JpOYWxOm6A/AnCj2'),
(13, 'Gracie', '$2y$10$9JBV7e9JB.RhlZDn7eDJ3.z061hHfbOEPURE.JpOYWxOm6A/AnCj2'),
(14, 'Wildon', '$2y$10$9JBV7e9JB.RhlZDn7eDJ3.z061hHfbOEPURE.JpOYWxOm6A/AnCj2'),
(15, 'Gardie', '$2y$10$9JBV7e9JB.RhlZDn7eDJ3.z061hHfbOEPURE.JpOYWxOm6A/AnCj2'),
(16, 'Mariana', '$2y$10$9JBV7e9JB.RhlZDn7eDJ3.z061hHfbOEPURE.JpOYWxOm6A/AnCj2'),
(17, 'Eulalie', '$2y$10$9JBV7e9JB.RhlZDn7eDJ3.z061hHfbOEPURE.JpOYWxOm6A/AnCj2'),
(18, 'Elysha', '$2y$10$9JBV7e9JB.RhlZDn7eDJ3.z061hHfbOEPURE.JpOYWxOm6A/AnCj2'),
(19, 'Frederik', '$2y$10$9JBV7e9JB.RhlZDn7eDJ3.z061hHfbOEPURE.JpOYWxOm6A/AnCj2'),
(20, 'Cecil', '$2y$10$9JBV7e9JB.RhlZDn7eDJ3.z061hHfbOEPURE.JpOYWxOm6A/AnCj2'),
(21, 'Beitris', '$2y$10$9JBV7e9JB.RhlZDn7eDJ3.z061hHfbOEPURE.JpOYWxOm6A/AnCj2'),
(22, 'Staci', '$2y$10$9JBV7e9JB.RhlZDn7eDJ3.z061hHfbOEPURE.JpOYWxOm6A/AnCj2'),
(23, 'Gerek', '$2y$10$9JBV7e9JB.RhlZDn7eDJ3.z061hHfbOEPURE.JpOYWxOm6A/AnCj2'),
(24, 'Gardy', '$2y$10$9JBV7e9JB.RhlZDn7eDJ3.z061hHfbOEPURE.JpOYWxOm6A/AnCj2'),
(25, 'Shara', '$2y$10$9JBV7e9JB.RhlZDn7eDJ3.z061hHfbOEPURE.JpOYWxOm6A/AnCj2'),
(26, 'Frants', '$2y$10$9JBV7e9JB.RhlZDn7eDJ3.z061hHfbOEPURE.JpOYWxOm6A/AnCj2'),
(27, 'Sanson', '$2y$10$9JBV7e9JB.RhlZDn7eDJ3.z061hHfbOEPURE.JpOYWxOm6A/AnCj2'),
(28, 'Zedekiah', '$2y$10$9JBV7e9JB.RhlZDn7eDJ3.z061hHfbOEPURE.JpOYWxOm6A/AnCj2'),
(29, 'August', '$2y$10$9JBV7e9JB.RhlZDn7eDJ3.z061hHfbOEPURE.JpOYWxOm6A/AnCj2'),
(30, 'Conny', '$2y$10$9JBV7e9JB.RhlZDn7eDJ3.z061hHfbOEPURE.JpOYWxOm6A/AnCj2'),
(31, 'Guy', '$2y$10$9JBV7e9JB.RhlZDn7eDJ3.z061hHfbOEPURE.JpOYWxOm6A/AnCj2'),
(32, 'Whitman', '$2y$10$9JBV7e9JB.RhlZDn7eDJ3.z061hHfbOEPURE.JpOYWxOm6A/AnCj2'),
(33, 'Nani', '$2y$10$9JBV7e9JB.RhlZDn7eDJ3.z061hHfbOEPURE.JpOYWxOm6A/AnCj2'),
(34, 'Mordy', '$2y$10$9JBV7e9JB.RhlZDn7eDJ3.z061hHfbOEPURE.JpOYWxOm6A/AnCj2'),
(35, 'Geoff', '$2y$10$9JBV7e9JB.RhlZDn7eDJ3.z061hHfbOEPURE.JpOYWxOm6A/AnCj2');

-- --------------------------------------------------------

--
-- Table structure for table `timesheets_user_role`
--

CREATE TABLE IF NOT EXISTS `timesheets_user_role` (
`user_role_id` int(11) NOT NULL,
  `user_id` int(11) NOT NULL,
  `role_id` int(11) NOT NULL
) ENGINE=InnoDB AUTO_INCREMENT=37 DEFAULT CHARSET=utf8 COLLATE=utf8_bin;

--
-- Dumping data for table `timesheets_user_role`
--

INSERT INTO `timesheets_user_role` (`user_role_id`, `user_id`, `role_id`) VALUES
(1, 1, 1),
(2, 1, 2),
(3, 2, 2),
(4, 3, 2),
(5, 4, 2),
(6, 5, 2),
(7, 6, 2),
(8, 7, 2),
(9, 8, 2),
(10, 9, 2),
(11, 10, 2),
(12, 11, 2),
(13, 12, 2),
(14, 13, 2),
(15, 14, 2),
(16, 15, 2),
(17, 16, 2),
(18, 17, 2),
(19, 18, 2),
(20, 19, 2),
(21, 20, 2),
(22, 21, 2),
(23, 22, 2),
(24, 23, 2),
(25, 24, 2),
(26, 25, 2),
(27, 26, 2),
(28, 27, 2),
(29, 28, 2),
(30, 29, 2),
(31, 30, 2),
(32, 31, 2),
(33, 32, 2),
(34, 33, 2),
(35, 34, 2),
(36, 35, 2);

--
-- Indexes for dumped tables
--

--
-- Indexes for table `timesheets_activity`
--
ALTER TABLE `timesheets_activity`
 ADD PRIMARY KEY (`activity_id`), ADD UNIQUE KEY `type` (`type`);

--
-- Indexes for table `timesheets_contact`
--
ALTER TABLE `timesheets_contact`
 ADD PRIMARY KEY (`contact_id`);

--
-- Indexes for table `timesheets_department`
--
ALTER TABLE `timesheets_department`
 ADD PRIMARY KEY (`department_id`), ADD UNIQUE KEY `name` (`name`);

--
-- Indexes for table `timesheets_job`
--
ALTER TABLE `timesheets_job`
 ADD PRIMARY KEY (`job_id`), ADD UNIQUE KEY `title` (`title`), ADD KEY `department_id` (`department_id`);

--
-- Indexes for table `timesheets_person`
--
ALTER TABLE `timesheets_person`
 ADD PRIMARY KEY (`person_id`), ADD UNIQUE KEY `user_id` (`user_id`), ADD KEY `job_id` (`job_id`), ADD KEY `team_id` (`team_id`), ADD KEY `department_id` (`department_id`), ADD KEY `forename` (`forename`), ADD KEY `surname` (`surname`);

--
-- Indexes for table `timesheets_project`
--
ALTER TABLE `timesheets_project`
 ADD PRIMARY KEY (`project_id`), ADD UNIQUE KEY `name` (`name`);

--
-- Indexes for table `timesheets_role`
--
ALTER TABLE `timesheets_role`
 ADD PRIMARY KEY (`role_id`), ADD UNIQUE KEY `role_type` (`role_type`), ADD UNIQUE KEY `role_type_2` (`role_type`);

--
-- Indexes for table `timesheets_team`
--
ALTER TABLE `timesheets_team`
 ADD PRIMARY KEY (`team_id`), ADD UNIQUE KEY `name` (`name`);

--
-- Indexes for table `timesheets_timesheet`
--
ALTER TABLE `timesheets_timesheet`
 ADD PRIMARY KEY (`timesheet_id`), ADD KEY `user_id` (`user_id`), ADD KEY `project_id` (`project_id`), ADD KEY `date` (`date`);

--
-- Indexes for table `timesheets_user`
--
ALTER TABLE `timesheets_user`
 ADD PRIMARY KEY (`user_id`), ADD UNIQUE KEY `username` (`username`), ADD KEY `userID` (`user_id`);

--
-- Indexes for table `timesheets_user_role`
--
ALTER TABLE `timesheets_user_role`
 ADD PRIMARY KEY (`user_role_id`);

--
-- AUTO_INCREMENT for dumped tables
--

--
-- AUTO_INCREMENT for table `timesheets_activity`
--
ALTER TABLE `timesheets_activity`
MODIFY `activity_id` int(11) NOT NULL AUTO_INCREMENT,AUTO_INCREMENT=6;
--
-- AUTO_INCREMENT for table `timesheets_contact`
--
ALTER TABLE `timesheets_contact`
MODIFY `contact_id` int(11) NOT NULL AUTO_INCREMENT,AUTO_INCREMENT=5;
--
-- AUTO_INCREMENT for table `timesheets_department`
--
ALTER TABLE `timesheets_department`
MODIFY `department_id` int(11) NOT NULL AUTO_INCREMENT,AUTO_INCREMENT=6;
--
-- AUTO_INCREMENT for table `timesheets_job`
--
ALTER TABLE `timesheets_job`
MODIFY `job_id` int(11) NOT NULL AUTO_INCREMENT,AUTO_INCREMENT=18;
--
-- AUTO_INCREMENT for table `timesheets_person`
--
ALTER TABLE `timesheets_person`
MODIFY `person_id` int(11) NOT NULL AUTO_INCREMENT,AUTO_INCREMENT=36;
--
-- AUTO_INCREMENT for table `timesheets_project`
--
ALTER TABLE `timesheets_project`
MODIFY `project_id` int(11) NOT NULL AUTO_INCREMENT,AUTO_INCREMENT=11;
--
-- AUTO_INCREMENT for table `timesheets_role`
--
ALTER TABLE `timesheets_role`
MODIFY `role_id` int(11) NOT NULL AUTO_INCREMENT,AUTO_INCREMENT=3;
--
-- AUTO_INCREMENT for table `timesheets_team`
--
ALTER TABLE `timesheets_team`
MODIFY `team_id` int(11) NOT NULL AUTO_INCREMENT,AUTO_INCREMENT=9;
--
-- AUTO_INCREMENT for table `timesheets_timesheet`
--
ALTER TABLE `timesheets_timesheet`
MODIFY `timesheet_id` int(11) NOT NULL AUTO_INCREMENT,AUTO_INCREMENT=1471;
--
-- AUTO_INCREMENT for table `timesheets_user`
--
ALTER TABLE `timesheets_user`
MODIFY `user_id` int(11) NOT NULL AUTO_INCREMENT,AUTO_INCREMENT=36;
--
-- AUTO_INCREMENT for table `timesheets_user_role`
--
ALTER TABLE `timesheets_user_role`
MODIFY `user_role_id` int(11) NOT NULL AUTO_INCREMENT,AUTO_INCREMENT=37;
/*!40101 SET CHARACTER_SET_CLIENT=@OLD_CHARACTER_SET_CLIENT */;
/*!40101 SET CHARACTER_SET_RESULTS=@OLD_CHARACTER_SET_RESULTS */;
/*!40101 SET COLLATION_CONNECTION=@OLD_COLLATION_CONNECTION */;
